geo,geo_label,subjective_poverty,arope,gap,group,time,subjective_poverty_y,arop,unemployment_rate,real_gdp_pc,severe_mat_soc_deprivation,aic_pps_pc,gdp_pps_pc,housing_cost_overburden,arrears,unexpected_expenses,real_gdp_pc_k,aic_pps_pc_k,gdp_pps_pc_k,pct_below_peak,d_subjective_poverty,d2_subjective_poverty,d_arop,d2_arop,d_unemployment_rate,d2_unemployment_rate,d_real_gdp_pc,d2_real_gdp_pc,d_severe_mat_soc_deprivation,d2_severe_mat_soc_deprivation,d_aic_pps_pc,d2_aic_pps_pc,d_housing_cost_overburden,d2_housing_cost_overburden,d_arrears,d2_arrears,d_unexpected_expenses,d2_unexpected_expenses,fin_expectations
EL,Greece,67.2,27.5,39.7,greece,2024,66.7,19.6,10.1,19020.0,14.0,21309.9,27400.0,28.9,42.8,43.9,19.02,21.309900000000003,27.4,11.204481792717086,-0.2999999999999971,1.1000000000000083,0.7000000000000028,0.600000000000005,-1.0,0.4000000000000003,420.0,-20.0,0.5,0.9000000000000004,608.8000000000029,-690.2999999999956,0.3999999999999986,-1.400000000000002,-4.5,-6.299999999999997,-0.3999999999999986,-1.0999999999999943,-43.24166666666667
BG,Bulgaria,36.1,29.0,7.100000000000001,other,2024,37.4,21.7,4.2,11330.0,16.6,17891.3,26300.0,8.0,18.7,45.6,11.33,17.891299999999998,26.3,0.0,4.199999999999996,11.29999999999999,1.099999999999998,3.399999999999995,-0.0999999999999996,-0.1999999999999993,380.0,170.0,-1.3999999999999986,-0.6999999999999993,1579.199999999999,320.2999999999993,-3.0999999999999996,0.9000000000000004,-0.1000000000000014,0.9999999999999964,-1.1000000000000014,-5.400000000000006,-12.233333333333334
RO,Romania,23.4,27.4,-4.0,other,2024,23.8,19.0,5.4,13090.0,17.2,21712.3,30800.0,4.7,15.3,40.0,13.09,21.7123,30.8,0.0,-3.8999999999999986,-5.599999999999998,-2.1000000000000014,-2.0000000000000036,-0.1999999999999993,-0.1999999999999993,120.0,-160.0,-2.6000000000000014,1.8999999999999984,1793.7999999999993,244.0,-4.3999999999999995,-4.999999999999999,0.9000000000000004,4.899999999999999,-6.399999999999999,-4.899999999999999,7.091666666666666
SK,Slovakia,23.1,16.7,6.400000000000002,other,2024,28.700000000000003,14.5,5.3,19110.0,7.6,20598.1,29800.0,6.4,8.4,28.2,19.11,20.5981,29.8,0.0,-1.5999999999999943,-4.199999999999992,0.1999999999999993,-0.4000000000000021,-0.5,-0.2000000000000001,360.0,-30.0,0.5999999999999996,-0.1000000000000005,1168.0,-7.799999999999272,0.5,-2.9000000000000004,-0.4000000000000003,-0.9000000000000004,-1.1000000000000014,-3.400000000000002,-7.133333333333333
IT,Italy,22.4,22.6,-0.2000000000000028,near_zero_gap,2024,18.7,18.9,6.5,32900.0,4.6,26638.5,39100.0,5.1,5.3,29.9,32.9,26.6385,39.1,0.0,0.0,3.6000000000000014,0.0,1.2000000000000028,-1.2000000000000002,-0.8000000000000007,270.0,-50.0,-0.1000000000000005,-0.3000000000000007,981.2000000000008,-122.0,-0.6000000000000005,0.2999999999999989,0.2999999999999998,1.5,1.099999999999998,5.199999999999996,-7.308333333333334
FR,France,21.7,20.8,0.8999999999999986,near_zero_gap,2024,21.8,15.9,7.4,38180.0,6.6,27457.0,39300.0,7.0,10.6,29.4,38.18,27.457,39.3,0.0,-0.3000000000000007,-0.7000000000000028,0.5,0.6999999999999993,0.1000000000000005,0.1000000000000005,450.0,0.0,0.0,0.4000000000000003,760.4000000000015,-1336.4999999999964,0.5,0.5,0.5999999999999996,0.7999999999999989,0.0,2.0,-6.858333333333333
ES,Spain,20.6,25.7,-5.099999999999998,other,2024,21.9,19.7,11.4,27800.0,8.3,24394.9,36400.0,7.8,14.2,35.9,27.8,24.3949,36.4,0.0,-0.7000000000000028,-1.2000000000000028,-0.5,-0.3000000000000007,-0.7999999999999989,1.7763568394002505e-15,650.0,320.0,-0.6999999999999993,-1.9999999999999991,1045.9000000000017,-568.0,-0.3999999999999994,0.6000000000000005,0.5999999999999996,0.1999999999999993,-1.3000000000000045,-3.000000000000007,13.075
PT,Portugal,20.3,18.6,1.6999999999999993,near_zero_gap,2024,21.799999999999997,16.6,6.5,22370.0,4.3,23356.1,32900.0,6.9,5.7,28.7,22.37,23.3561,32.9,0.0,-1.8000000000000045,-2.1000000000000085,-0.3999999999999986,-1.0,0.0,-0.2999999999999998,240.0,-200.0,-0.6000000000000005,-0.200000000000001,1154.3999999999978,-463.3000000000029,2.0,2.0999999999999996,0.5,1.3999999999999997,-1.8000000000000007,-2.400000000000002,-2.8083333333333336
HU,Hungary,20.1,19.5,0.6000000000000014,near_zero_gap,2024,19.799999999999997,14.3,4.5,16210.0,9.3,18552.9,30400.0,9.0,9.3,28.6,16.21,18.5529,30.4,0.0,-2.8000000000000043,-3.4000000000000057,0.5,0.1999999999999993,0.4000000000000003,-0.0999999999999992,160.0,270.0,-1.0,-2.200000000000001,1672.800000000003,1084.900000000005,1.7000000000000002,2.5,-1.5,-2.0,-2.6999999999999993,-0.2999999999999971,-13.058333333333332
LV,Latvia,20.0,24.7,-4.699999999999999,other,2024,23.299999999999997,21.6,6.9,16910.0,5.3,19157.8,27500.0,6.7,7.5,45.3,16.91,19.1578,27.5,0.0,-0.7000000000000028,-0.8000000000000043,-0.8999999999999986,-0.8999999999999986,0.4000000000000003,0.8000000000000007,140.0,260.0,-0.9000000000000004,0.6999999999999993,853.7000000000007,-122.99999999999636,-0.5,-2.3,-0.4000000000000003,-1.4000000000000004,0.5,-0.1999999999999957,1.2416666666666665
HR,Croatia,19.1,20.7,-1.599999999999998,near_zero_gap,2024,19.8,20.3,5.0,17060.0,2.0,21539.9,31100.0,3.7,9.4,34.9,17.06,21.539900000000003,31.1,0.0,-2.1999999999999993,2.400000000000002,1.0,-0.3000000000000007,-1.0999999999999996,-0.3999999999999994,570.0,-20.0,-0.7999999999999998,0.4000000000000003,1412.7000000000007,-504.2999999999993,-0.2999999999999998,-0.5,-3.299999999999999,-0.2999999999999989,-6.5,-3.1000000000000014,1.366666666666667
CY,Cyprus,18.200000000000003,17.1,1.1000000000000014,near_zero_gap,2024,20.8,14.6,4.8,29950.0,2.5,26819.7,39500.0,2.4,12.5,34.8,29.95,26.8197,39.5,0.0,-3.400000000000002,1.9999999999999964,-0.3000000000000007,-0.5000000000000018,-1.0,-0.5,630.0,160.0,0.1,0.4000000000000003,1177.4000000000017,-974.1999999999972,-0.2000000000000001,-0.2000000000000001,-1.4000000000000004,-1.4000000000000004,-2.700000000000003,0.0999999999999943,-13.033333333333331
IE,Ireland,15.9,18.8,-2.9000000000000004,other,2024,16.9,12.7,4.3,89300.0,4.5,30622.7,88500.0,4.5,12.2,31.6,89.3,30.6227,88.5,3.2502708559046587,0.2999999999999971,1.5999999999999943,0.6999999999999993,2.0999999999999996,0.0,0.2000000000000001,1670.0,6340.0,-1.5,-2.2,1338.2999999999993,-896.0000000000036,-0.2000000000000001,-1.2000000000000002,1.5999999999999996,3.9,-2.6999999999999957,-3.899999999999991,3.608333333333333
BE,Belgium,15.5,16.5,-1.0,near_zero_gap,2024,17.1,11.4,5.7,44410.0,6.2,31479.6,46600.0,6.7,5.0,21.6,44.41,31.4796,46.6,0.0,1.6000000000000014,2.8000000000000007,-1.0,-0.3000000000000007,0.2000000000000001,0.2999999999999998,220.0,-80.0,0.1000000000000005,-0.2999999999999989,1141.5999999999983,-799.5,-1.0999999999999996,-1.3999999999999997,0.2999999999999998,-0.2000000000000001,0.0,1.099999999999998,-1.0333333333333334
SI,Slovenia,15.3,15.5,-0.1999999999999993,near_zero_gap,2024,13.6,13.2,3.7,25480.0,1.8,23355.4,36100.0,3.8,7.5,23.2,25.48,23.355400000000003,36.1,0.0,-0.9000000000000004,-1.200000000000001,0.5,-0.0999999999999996,0.0,0.2999999999999998,360.0,-100.0,-0.1999999999999999,-0.8,1208.2000000000007,377.90000000000146,0.0999999999999996,0.4999999999999991,0.2000000000000001,0.3000000000000007,0.5,2.400000000000002,-16.691666666666666
MT,Malta,15.1,19.4,-4.299999999999999,other,2024,17.3,16.9,3.2,34480.0,4.3,24129.1,43900.0,5.9,5.9,18.3,34.48,24.1291,43.9,0.0,0.6999999999999993,5.4999999999999964,0.2999999999999971,0.399999999999995,-0.2999999999999998,-0.2999999999999998,1100.0,-890.0,0.2000000000000001,1.0000000000000009,1074.2999999999993,-1651.7000000000007,-0.0999999999999996,-3.1999999999999997,0.2000000000000001,0.5999999999999996,2.4000000000000004,1.9000000000000004,-1.0333333333333334
CZ,Czechia,13.8,11.5,2.3000000000000007,other,2024,14.2,9.5,2.6,21950.0,2.6,21409.1,36200.0,9.2,3.4,19.2,21.95,21.4091,36.2,0.4535147392290249,0.7999999999999989,-0.3000000000000007,-0.3000000000000007,0.0999999999999978,0.0,-0.3999999999999999,270.0,500.0,-0.1,-0.7000000000000002,915.8999999999978,-159.3000000000029,0.0999999999999996,-2.0999999999999996,0.5,0.3000000000000002,-0.5,-2.6999999999999993,-2.5
EE,Estonia,13.4,21.8,-8.4,other,2024,9.9,20.2,7.6,21060.0,3.1,20716.4,31600.0,8.6,7.1,34.7,21.06,20.7164,31.6,7.101896779885311,-1.6999999999999993,-3.799999999999999,-2.3000000000000007,-2.0,1.1999999999999993,0.3999999999999986,-150.0,1010.0,0.6000000000000001,1.4,719.2000000000007,-123.20000000000071,1.0,-1.6999999999999993,1.2999999999999998,1.2999999999999998,4.300000000000004,5.100000000000005,-25.816666666666663
DK,Denmark,12.0,17.9,-5.899999999999999,other,2024,12.8,11.6,6.2,58670.0,4.0,30354.4,50800.0,14.6,6.9,21.1,58.67,30.3544,50.8,0.0,-0.3999999999999986,-3.299999999999997,-0.200000000000001,0.3999999999999986,1.1000000000000003,0.5000000000000009,1900.0,1660.0,-0.9000000000000004,-2.6000000000000005,978.7000000000008,278.2000000000007,-0.8000000000000007,-1.5000000000000018,-0.8999999999999995,-1.9999999999999991,-2.0,-4.900000000000002,2.841666666666667
LT,Lithuania,11.8,26.3,-14.5,other,2024,11.4,21.5,7.1,19690.0,6.1,23259.0,34900.0,6.2,5.0,41.3,19.69,23.259,34.9,0.0,-2.0,-2.8000000000000007,0.8999999999999986,1.1999999999999955,0.1999999999999993,-0.7000000000000011,470.0,600.0,0.0,-0.0999999999999996,1311.0999999999983,465.1999999999971,1.0,-0.7000000000000002,-2.0999999999999996,-3.1999999999999993,0.7999999999999972,-0.4000000000000057,10.266666666666667
AT,Austria,11.8,18.6,-6.800000000000001,other,2024,13.1,14.3,5.2,45140.0,3.7,31379.6,47500.0,6.3,7.5,20.9,45.14,31.3796,47.5,2.7783760499676933,-0.5,-2.1999999999999993,-0.5999999999999996,-0.6999999999999993,0.1000000000000005,-0.1999999999999993,-530.0,230.0,0.0,-1.4000000000000004,1241.2999999999993,-226.59999999999857,0.2999999999999998,1.7000000000000002,0.5999999999999996,-1.6000000000000003,-1.900000000000002,-5.700000000000003,-2.3249999999999997
PL,Poland,11.2,15.0,-3.8000000000000007,other,2024,11.5,13.8,2.9,16510.0,2.3,21610.1,31500.0,5.2,4.2,22.8,16.51,21.6101,31.5,0.0,-3.5999999999999996,-3.3999999999999986,-0.1999999999999993,-0.5,0.1,0.2000000000000001,560.0,450.0,-0.7000000000000002,-0.9000000000000004,1508.7999999999993,596.9000000000015,-0.7000000000000002,-1.0000000000000009,-0.8999999999999995,8.881784197001252e-16,-2.8999999999999986,-1.4999999999999964,-6.325
SE,Sweden,10.1,18.6,-8.500000000000002,other,2024,9.9,14.8,8.4,48770.0,3.0,28736.0,44800.0,10.6,7.3,22.3,48.77,28.736,44.8,0.0,0.5999999999999996,-1.5000000000000018,-1.3000000000000007,-1.400000000000002,0.7000000000000002,0.5,810.0,1240.0,0.5,0.2999999999999998,1248.9000000000017,140.70000000000437,-0.3000000000000007,-2.1000000000000014,0.5999999999999996,0.0999999999999996,0.5,-0.1000000000000014,11.4
FI,Finland,9.0,17.2,-8.2,other,2024,8.9,12.6,8.4,43330.0,3.7,28516.3,40800.0,5.4,11.2,27.3,43.33,28.5163,40.8,2.2998872604284104,1.4000000000000004,0.0,0.4000000000000003,0.9000000000000004,1.2000000000000002,0.7999999999999998,50.0,780.0,0.9000000000000004,4.440892098500626e-16,917.0999999999984,-978.3000000000028,-0.0999999999999996,-0.1999999999999993,1.6999999999999993,-0.1000000000000005,1.3000000000000007,-1.5,6.125
DE,Germany,7.4,21.2,-13.8,other,2024,7.300000000000001,15.5,3.5,43110.0,6.2,30746.4,46400.0,12.0,7.2,32.2,43.11,30.7464,46.4,2.5322179516165497,-2.3999999999999986,-3.599999999999998,1.0999999999999996,1.5,0.3999999999999999,0.3999999999999999,-340.0,440.0,-0.7000000000000002,-1.4000000000000004,1114.7000000000007,129.90000000000146,-1.0,-2.0999999999999996,-1.1000000000000003,-3.500000000000001,-2.799999999999997,-3.8999999999999986,-0.0583333333333333
NL,Netherlands,7.3,15.8,-8.5,other,2024,7.3,12.1,3.7,50870.0,3.1,32491.2,53400.0,6.9,3.9,16.9,50.87,32.4912,53.4,1.184926184926185,0.0,-0.3999999999999994,-0.9000000000000004,0.5999999999999996,0.1,0.0,210.0,1030.0,0.3999999999999999,0.1999999999999997,1434.4000000000017,-195.79999999999927,-2.4000000000000004,-1.700000000000001,1.2999999999999998,1.5999999999999996,0.9999999999999982,-0.3000000000000025,0.6166666666666667
LU,Luxembourg,7.1,18.2,-11.1,other,2024,8.5,18.1,6.4,101000.0,2.3,43699.3,97700.0,8.0,8.5,22.5,101.0,43.6993,97.7,6.107650832016361,2.4000000000000004,2.1000000000000005,-0.6999999999999993,-2.1999999999999993,1.2000000000000002,0.5999999999999996,-1250.0,600.0,-0.2000000000000001,-0.7000000000000002,1868.7000000000044,-701.7999999999956,-3.5,-6.0,-0.1999999999999993,-1.6999999999999984,-1.6000000000000014,-6.900000000000002,-1.775
