geo,time,subjective_poverty,arop,unemployment_rate,real_gdp_pc,severe_mat_soc_deprivation
AT,2015,13.4,13.9,6.1,43200.0,2.9
AT,2016,12.8,14.1,6.5,43550.0,3.3
AT,2017,11.5,14.4,5.9,44260.0,3.4
AT,2018,11.3,14.3,5.2,45140.0,2.8
AT,2019,10.7,13.3,4.8,45730.0,2.7
AT,2020,9.4,13.9,6.0,42650.0,3.0
AT,2021,10.1,14.7,6.2,44580.0,1.8
AT,2022,11.9,14.8,4.8,46430.0,2.3
AT,2023,13.6,14.9,5.1,45670.0,3.7
AT,2024,13.1,14.3,5.2,45140.0,3.7
BE,2015,20.5,14.9,8.7,40310.0,7.2
BE,2016,21.5,15.5,7.9,40590.0,8.4
BE,2017,20.9,15.9,7.2,41030.0,7.2
BE,2018,19.1,16.4,6.0,41610.0,6.5
BE,2019,19.1,14.8,5.5,42400.0,6.2
BE,2020,16.8,14.1,5.8,40190.0,6.7
BE,2021,15.6,12.8,6.3,42530.0,6.2
BE,2022,16.7,13.1,5.6,43890.0,5.7
BE,2023,15.5,12.4,5.5,44190.0,6.1
BE,2024,17.1,11.4,5.7,44410.0,6.2
BG,2015,64.0,22.0,10.1,8130.0,36.8
BG,2016,61.7,22.9,8.6,8490.0,33.5
BG,2017,58.4,23.4,7.2,8840.0,30.0
BG,2018,55.9,22.0,6.2,9170.0,22.3
BG,2019,50.099999999999994,22.6,5.2,9650.0,22.1
BG,2020,43.7,23.8,6.1,9440.0,22.1
BG,2021,37.099999999999994,22.1,5.2,10250.0,19.1
BG,2022,40.3,22.9,4.2,10740.0,18.7
BG,2023,33.2,20.6,4.3,10950.0,18.0
BG,2024,37.4,21.7,4.2,11330.0,16.6
CY,2015,58.8,16.2,15.0,21140.0,7.9
CY,2016,59.8,16.1,13.0,22410.0,6.6
CY,2017,43.599999999999994,15.7,11.1,23500.0,6.1
CY,2018,46.4,15.4,8.4,24690.0,3.8
CY,2019,36.3,15.1,7.2,25790.0,3.1
CY,2020,26.7,14.8,7.6,24630.0,3.3
CY,2021,26.1,13.7,7.2,27030.0,2.4
CY,2022,29.6,14.7,6.3,28850.0,2.7
CY,2023,24.200000000000003,14.9,5.8,29320.0,2.4
CY,2024,20.8,14.6,4.8,29950.0,2.5
CZ,2015,26.6,9.7,5.1,19270.0,4.5
CZ,2016,23.200000000000003,9.7,4.0,19760.0,3.5
CZ,2017,22.0,9.1,2.9,20760.0,3.4
CZ,2018,16.2,9.6,2.2,21320.0,2.4
CZ,2019,13.1,10.1,2.0,22050.0,2.1
CZ,2020,12.1,9.5,2.6,20980.0,1.9
CZ,2021,11.4,8.6,2.8,21830.0,1.8
CZ,2022,12.3,10.2,2.2,21910.0,2.1
CZ,2023,13.4,9.8,2.6,21680.0,2.7
CZ,2024,14.2,9.5,2.6,21950.0,2.6
DE,2015,7.6,16.7,4.4,41230.0,5.7
DE,2016,6.8999999999999995,16.5,3.9,41880.0,4.7
DE,2017,6.1,16.1,3.5,42960.0,3.7
DE,2018,5.9,16.0,3.2,43390.0,3.4
DE,2019,5.1,14.8,2.9,43790.0,3.0
DE,2020,5.7,16.1,3.6,42020.0,4.4
DE,2021,6.699999999999999,16.0,3.6,43730.0,4.3
DE,2022,8.5,14.8,3.1,44230.0,6.2
DE,2023,9.7,14.4,3.1,43450.0,6.9
DE,2024,7.300000000000001,15.5,3.5,43110.0,6.2
DK,2015,10.4,12.2,6.3,50810.0,3.2
DK,2016,10.0,11.9,6.0,51950.0,2.6
DK,2017,9.4,12.4,5.8,53200.0,3.6
DK,2018,9.3,12.7,5.1,53920.0,3.5
DK,2019,9.4,12.5,5.0,54630.0,3.8
DK,2020,8.5,12.1,5.6,53540.0,3.5
DK,2021,8.1,12.3,5.1,56780.0,3.1
DK,2022,10.3,12.4,4.5,56530.0,3.2
DK,2023,13.2,11.8,5.1,56770.0,4.9
DK,2024,12.8,11.6,6.2,58670.0,4.0
EE,2015,16.200000000000003,21.6,6.4,18650.0,3.5
EE,2016,15.4,21.7,6.8,19190.0,2.2
EE,2017,14.3,21.0,5.8,20270.0,4.0
EE,2018,13.9,21.9,5.4,20970.0,3.1
EE,2019,11.2,21.7,4.5,21650.0,2.6
EE,2020,9.1,20.7,6.9,20960.0,2.3
EE,2021,7.8,20.6,6.2,22670.0,1.9
EE,2022,9.5,22.8,5.6,22370.0,3.3
EE,2023,11.6,22.5,6.4,21210.0,2.5
EE,2024,9.9,20.2,7.6,21060.0,3.1
EL,2015,77.7,21.4,25.0,16100.0,17.6
EL,2016,76.80000000000001,21.2,23.9,16160.0,18.4
EL,2017,77.19999999999999,20.2,21.8,16430.0,18.3
EL,2018,74.1,18.5,19.7,16810.0,16.1
EL,2019,71.0,17.9,17.9,17210.0,15.8
EL,2020,69.80000000000001,17.7,17.6,15660.0,14.9
EL,2021,71.0,19.6,14.7,17110.0,13.9
EL,2022,68.4,18.8,12.5,18160.0,13.9
EL,2023,67.0,18.9,11.1,18600.0,13.5
EL,2024,66.7,19.6,10.1,19020.0,14.0
ES,2015,35.2,22.1,22.1,24720.0,7.4
ES,2016,35.6,22.3,19.6,25420.0,8.5
ES,2017,25.1,21.6,17.2,26110.0,8.3
ES,2018,27.1,21.5,15.3,26620.0,8.7
ES,2019,22.0,20.7,14.1,26930.0,7.7
ES,2020,22.8,21.0,15.5,23850.0,8.5
ES,2021,21.6,21.7,14.9,25440.0,8.3
ES,2022,22.1,20.4,13.0,26820.0,7.7
ES,2023,22.6,20.2,12.2,27150.0,9.0
ES,2024,21.9,19.7,11.4,27800.0,8.3
FI,2015,7.0,12.4,9.4,40700.0,1.0
FI,2016,6.8999999999999995,11.6,8.9,41640.0,1.2
FI,2017,6.7,11.5,8.7,42910.0,1.8
FI,2018,6.1,12.0,7.5,43360.0,2.2
FI,2019,6.4,11.6,6.8,43910.0,1.9
FI,2020,6.8,12.2,7.7,42740.0,1.8
FI,2021,5.9,10.8,7.7,43800.0,1.1
FI,2022,6.1,12.7,6.8,44010.0,1.9
FI,2023,7.5,12.2,7.2,43280.0,2.8
FI,2024,8.9,12.6,8.4,43330.0,3.7
FR,2015,19.9,13.6,10.3,35370.0,6.8
FR,2016,19.2,13.6,10.1,35540.0,6.7
FR,2017,18.1,13.2,9.4,36140.0,6.3
FR,2018,18.3,13.4,9.0,36570.0,6.7
FR,2019,16.8,13.6,8.4,37160.0,7.3
FR,2020,18.5,14.2,8.0,34230.0,6.4
FR,2021,16.6,14.3,7.9,36460.0,5.5
FR,2022,21.7,15.6,7.3,37280.0,7.0
FR,2023,22.1,15.4,7.3,37730.0,6.6
FR,2024,21.8,15.9,7.4,38180.0,6.6
HR,2015,54.4,20.0,16.2,11760.0,8.4
HR,2016,51.4,19.5,13.0,12320.0,7.3
HR,2017,43.9,20.0,11.1,12910.0,7.1
HR,2018,42.7,19.3,8.3,13460.0,6.1
HR,2019,35.5,18.3,6.6,14020.0,4.6
HR,2020,33.5,18.3,7.4,12980.0,4.4
HR,2021,27.3,19.2,7.5,14750.0,3.5
HR,2022,26.6,18.0,6.8,15900.0,4.0
HR,2023,22.0,19.3,6.1,16490.0,2.8
HR,2024,19.8,20.3,5.0,17060.0,2.0
HU,2015,46.6,14.9,6.6,12530.0,24.1
HU,2016,42.8,14.5,5.0,12880.0,20.6
HU,2017,41.2,13.4,4.0,13460.0,16.1
HU,2018,34.7,12.8,3.6,14240.0,11.9
HU,2019,27.700000000000003,14.0,3.3,14980.0,10.8
HU,2020,27.4,13.9,4.1,14370.0,10.7
HU,2021,26.7,13.2,4.0,15470.0,10.5
HU,2022,22.0,13.5,3.6,16160.0,9.1
HU,2023,22.6,13.8,4.1,16050.0,10.3
HU,2024,19.799999999999997,14.3,4.5,16210.0,9.3
IE,2015,31.799999999999997,16.2,9.9,60150.0,9.4
IE,2016,27.4,16.8,8.4,60160.0,8.0
IE,2017,23.6,15.6,6.7,65290.0,6.9
IE,2018,20.9,14.9,5.8,69310.0,6.1
IE,2019,18.5,13.4,5.0,71640.0,6.5
IE,2020,16.8,13.0,5.9,75620.0,6.1
IE,2021,15.4,12.8,6.2,87150.0,4.8
IE,2022,17.9,13.4,4.5,92300.0,5.3
IE,2023,16.6,12.0,4.3,87630.0,6.0
IE,2024,16.9,12.7,4.3,89300.0,4.5
IT,2015,37.9,19.9,12.0,29210.0,12.1
IT,2016,33.3,20.6,11.7,29630.0,10.1
IT,2017,28.1,20.3,11.3,30160.0,6.6
IT,2018,30.3,20.3,10.6,30470.0,6.5
IT,2019,22.9,20.1,9.9,30680.0,6.4
IT,2020,23.8,20.0,9.3,28100.0,6.2
IT,2021,24.299999999999997,20.1,9.5,30760.0,5.9
IT,2022,22.3,20.1,8.1,32310.0,4.5
IT,2023,18.7,18.9,7.7,32630.0,4.7
IT,2024,18.7,18.9,6.5,32900.0,4.6
LT,2015,28.9,22.2,9.1,14630.0,14.6
LT,2016,29.6,21.9,7.9,15200.0,15.4
LT,2017,28.200000000000003,22.9,7.1,16090.0,14.4
LT,2018,23.4,22.9,6.2,17030.0,12.0
LT,2019,19.0,20.6,6.3,17870.0,9.7
LT,2020,15.1,20.9,8.5,17890.0,8.1
LT,2021,12.9,20.0,7.1,19040.0,6.4
LT,2022,12.6,20.9,6.0,19350.0,6.0
LT,2023,13.4,20.6,6.9,19220.0,6.1
LT,2024,11.4,21.5,7.1,19690.0,6.1
LU,2015,12.4,15.3,6.7,102530.0,2.5
LU,2016,12.4,15.8,6.3,104920.0,2.0
LU,2017,12.6,16.4,5.5,104020.0,1.9
LU,2018,12.8,16.7,5.6,103640.0,1.6
LU,2019,10.5,17.5,5.6,104310.0,1.4
LU,2020,12.4,17.4,6.8,102190.0,1.7
LU,2021,10.0,18.1,5.3,107570.0,2.4
LU,2022,5.8,17.3,4.6,104100.0,2.0
LU,2023,6.1,18.8,5.2,102250.0,2.5
LU,2024,8.5,18.1,6.4,101000.0,2.3
LV,2015,42.7,22.5,9.9,13750.0,15.4
LV,2016,39.3,21.8,9.7,14230.0,12.6
LV,2017,40.5,22.1,8.7,14850.0,12.9
LV,2018,32.1,23.3,7.4,15610.0,10.4
LV,2019,25.0,22.9,6.3,15820.0,7.5
LV,2020,24.2,21.6,8.1,15370.0,7.0
LV,2021,20.1,23.4,7.6,16580.0,5.3
LV,2022,23.9,22.5,6.9,16890.0,7.8
LV,2023,24.0,22.5,6.5,16770.0,6.2
LV,2024,23.299999999999997,21.6,6.9,16910.0,5.3
MT,2015,21.6,16.6,5.4,25520.0,8.2
MT,2016,19.9,16.5,4.7,25960.0,5.2
MT,2017,16.1,16.7,4.0,28530.0,4.3
MT,2018,14.1,16.8,4.0,29510.0,4.7
MT,2019,12.3,17.1,4.1,29480.0,5.0
MT,2020,15.4,16.9,4.9,27870.0,5.1
MT,2021,15.4,16.9,3.8,31420.0,5.4
MT,2022,21.4,16.7,3.5,31390.0,4.9
MT,2023,16.6,16.6,3.5,33380.0,4.1
MT,2024,17.3,16.9,3.2,34480.0,4.3
NL,2015,12.9,11.6,7.9,45530.0,3.2
NL,2016,12.6,12.7,7.0,46380.0,2.6
NL,2017,11.5,13.2,5.9,47390.0,2.6
NL,2018,10.0,13.3,4.9,48180.0,2.6
NL,2019,10.1,13.2,4.4,48970.0,2.8
NL,2020,7.5,13.4,4.9,46810.0,2.2
NL,2021,5.6,14.4,4.2,49490.0,2.1
NL,2022,6.9,14.5,3.5,51480.0,2.5
NL,2023,7.3,13.0,3.6,50660.0,2.7
NL,2024,7.3,12.1,3.7,50870.0,3.1
PL,2015,29.4,17.6,7.7,11870.0,7.8
PL,2016,24.799999999999997,17.3,6.3,12240.0,5.4
PL,2017,22.1,15.0,5.0,12870.0,5.3
PL,2018,18.6,14.8,3.9,13680.0,4.5
PL,2019,15.7,15.4,3.3,14310.0,3.5
PL,2020,15.9,14.8,3.2,14310.0,2.6
PL,2021,13.7,14.8,3.4,15380.0,2.9
PL,2022,15.3,13.7,2.9,15840.0,2.8
PL,2023,15.1,14.0,2.8,15950.0,3.0
PL,2024,11.5,13.8,2.9,16510.0,2.3
PT,2015,40.400000000000006,19.5,13.0,18920.0,10.9
PT,2016,36.7,19.0,11.5,19350.0,9.1
PT,2017,33.599999999999994,18.3,9.2,20020.0,8.0
PT,2018,29.200000000000003,17.3,7.2,20620.0,6.6
PT,2019,25.799999999999997,17.2,6.6,21150.0,5.6
PT,2020,20.7,16.2,7.1,19360.0,5.4
PT,2021,20.9,18.4,6.7,20390.0,6.0
PT,2022,23.299999999999997,16.4,6.2,21690.0,5.3
PT,2023,23.6,17.0,6.5,22130.0,4.9
PT,2024,21.799999999999997,16.6,6.5,22370.0,4.3
RO,2015,45.599999999999994,25.4,8.4,9430.0,34.0
RO,2016,44.1,25.3,7.2,9760.0,35.9
RO,2017,37.4,23.6,6.1,10620.0,32.4
RO,2018,36.0,23.5,5.3,11260.0,28.3
RO,2019,32.0,23.8,4.9,11760.0,24.5
RO,2020,35.900000000000006,23.4,6.1,11390.0,25.3
RO,2021,29.0,22.5,5.6,12130.0,23.1
RO,2022,26.0,21.2,5.6,12690.0,24.3
RO,2023,27.7,21.1,5.6,12970.0,19.8
RO,2024,23.8,19.0,5.4,13090.0,17.2
SE,2015,7.1,16.3,7.5,45790.0,1.1
SE,2016,7.6,16.2,7.1,46220.0,0.7
SE,2017,7.0,15.8,6.8,46420.0,1.0
SE,2018,8.0,16.4,6.5,46700.0,1.4
SE,2019,7.6,17.1,6.9,47410.0,1.5
SE,2020,7.4,16.1,8.5,46180.0,2.0
SE,2021,7.4,15.7,8.9,48300.0,1.4
SE,2022,7.199999999999999,16.0,7.5,48390.0,2.3
SE,2023,9.3,16.1,7.7,47960.0,2.5
SE,2024,9.9,14.8,8.4,48770.0,3.0
SI,2015,28.700000000000003,14.3,9.0,20170.0,4.8
SI,2016,25.9,13.9,8.0,20770.0,4.1
SI,2017,22.6,13.3,6.6,21830.0,4.5
SI,2018,20.5,13.3,5.1,22720.0,3.2
SI,2019,17.4,12.0,4.4,23330.0,2.2
SI,2020,17.0,12.4,5.0,22230.0,2.6
SI,2021,11.5,11.7,4.8,24040.0,1.8
SI,2022,14.2,12.1,4.0,24660.0,1.4
SI,2023,14.5,12.7,3.7,25120.0,2.0
SI,2024,13.6,13.2,3.7,25480.0,1.8
SK,2015,32.7,12.3,11.5,16000.0,8.4
SK,2016,29.6,12.7,9.6,16280.0,7.6
SK,2017,26.200000000000003,12.4,8.1,16730.0,6.3
SK,2018,25.4,12.2,6.5,17380.0,5.4
SK,2019,28.299999999999997,11.9,5.7,17760.0,5.9
SK,2020,28.700000000000003,11.4,6.7,17270.0,4.5
SK,2021,26.6,12.3,6.8,18320.0,5.7
SK,2022,27.7,13.7,6.1,18360.0,6.3
SK,2023,30.299999999999997,14.3,5.8,18750.0,7.0
SK,2024,28.700000000000003,14.5,5.3,19110.0,7.6
UK,2015,16.4,16.6,,,6.7
UK,2016,16.3,15.9,,,6.5
UK,2017,14.1,17.0,,,4.7
UK,2018,12.8,18.6,,,4.5
