geo,time,price_level,category,wage_level_vs_eu,wage_adjusted_pressure
AT,2024,117.8,A01,131.91261198691322,89.3015445798971
BE,2024,118.4,A01,156.5827119724985,75.61498872288996
BG,2024,57.7,A01,38.94611087086614,148.15343229344836
CY,2024,93.8,A01,73.45664452044923,127.69437075755275
CZ,2024,80.9,A01,65.06183031716704,124.34325872116443
DE,2024,109.3,A01,121.6687851904269,89.8340522007611
DK,2024,140.9,A01,145.45762297266015,96.86670050044968
EE,2024,97.3,A01,72.4124525516199,134.36915415983015
EL,2024,83.6,A01,48.29884726098903,173.08901711102266
ES,2024,90.9,A01,88.48484054286625,102.72946127530595
FI,2024,128.1,A01,118.03475252584818,108.52735932321937
FR,2024,107.6,A01,120.96748830443842,88.94951983230692
HR,2024,74.0,A01,58.05847125578226,127.45771357634578
HU,2024,68.9,A01,44.20769395412632,155.85522301049346
IE,2024,140.9,A01,144.65127351670574,97.406677849765
IT,2024,97.9,A01,92.63845753997894,105.67965248962656
LT,2024,78.5,A01,64.38477633193992,121.92323165850281
LU,2024,147.8,A01,194.10569904731952,76.14408063514354
LV,2024,79.8,A01,58.3131309160322,136.84739396844896
MT,2024,94.7,A01,75.45286175431241,125.50882471278506
NL,2024,119.8,A01,134.4587717803899,89.09794311944786
PL,2024,69.9,A01,54.75117174020347,127.66850056045986
PT,2024,85.1,A01,67.3574801361097,126.34083078529345
RO,2024,58.1,A01,48.02955449847772,120.96718490662131
SE,2024,124.6,A01,113.26217714353108,110.01024626438277
SI,2024,90.6,A01,86.00179965317365,105.3466327046293
SK,2024,80.8,A01,58.16789191597542,138.90824875812427
AT,2024,109.3,A0101,131.91261198691322,82.85788474178908
BE,2024,104.8,A0101,156.5827119724985,66.92948326147693
BG,2024,89.9,A0101,38.94611087086614,230.83177752480083
CY,2024,103.8,A0101,73.45664452044923,141.3078431197652
CZ,2024,87.7,A0101,65.06183031716704,134.79485525149715
DE,2024,103.4,A0101,121.6687851904269,84.98482156961298
DK,2024,119.5,A0101,145.45762297266015,82.15451178001233
EE,2024,106.3,A0101,72.4124525516199,146.79795567512792
EL,2024,106.2,A0101,48.29884726098903,219.88102412907423
ES,2024,95.6,A0101,88.48484054286625,108.0411055876705
FI,2024,108.6,A0101,118.03475252584818,92.00680111242485
FR,2024,108.9,A0101,120.96748830443842,90.02418875221397
HR,2024,103.8,A0101,58.05847125578226,178.7852793138472
HU,2024,95.1,A0101,44.20769395412632,215.12092464873623
IE,2024,114.4,A0101,144.65127351670574,79.08675618178223
IT,2024,101.1,A0101,92.63845753997894,109.13394143719351
LT,2024,101.7,A0101,64.38477633193992,157.9565943906973
LU,2024,123.7,A0101,194.10569904731952,63.72816491588129
LV,2024,105.2,A0101,58.3131309160322,180.40533640953421
MT,2024,112.6,A0101,75.45286175431241,149.2322456458247
NL,2024,98.4,A0101,134.4587717803899,73.18228383099891
PL,2024,86.8,A0101,54.75117174020347,158.53541986620766
PT,2024,102.2,A0101,67.3574801361097,151.72776623098696
RO,2024,77.9,A0101,48.02955449847772,162.19180213813772
SE,2024,105.8,A0101,113.26217714353108,93.41158952465247
SI,2024,99.8,A0101,86.00179965317365,116.04408326624728
SK,2024,83.6,A0101,58.16789191597542,143.72190094281177
AT,2024,112.5,A0104,131.91261198691322,85.28373315142974
BE,2024,134.0,A0104,156.5827119724985,85.57777439921668
BG,2024,38.5,A0104,38.94611087086614,98.85454321139969
CY,2024,88.9,A0104,73.45664452044923,121.02376930006865
CZ,2024,105.0,A0104,65.06183031716704,161.38494642425545
DE,2024,115.8,A0104,121.6687851904269,95.1764249299921
DK,2024,170.3,A0104,145.45762297266015,117.0787728546954
EE,2024,99.1,A0104,72.4124525516199,136.8549144628897
EL,2024,73.5,A0104,48.29884726098903,152.1775449480881
ES,2024,98.4,A0104,88.48484054286625,111.20548943333449
FI,2024,127.6,A0104,118.03475252584818,108.10375526653233
FR,2024,123.3,A0104,120.96748830443842,101.92821371118441
HR,2024,43.8,A0104,58.05847125578226,75.44118722491818
HU,2024,64.3,A0104,44.20769395412632,145.44979447858822
IE,2024,187.2,A0104,144.65127351670574,129.41469193382548
IT,2024,91.8,A0104,92.63845753997894,99.09491418332705
LT,2024,60.2,A0104,64.38477633193992,93.50036364129771
LU,2024,179.5,A0104,194.10569904731952,92.47538886338474
LV,2024,56.2,A0104,58.3131309160322,96.3762348499603
MT,2024,74.6,A0104,75.45286175431241,98.8696760673048
NL,2024,132.1,A0104,134.4587717803899,98.24572859832273
PL,2024,50.1,A0104,54.75117174020347,91.50489095964289
PT,2024,80.7,A0104,67.3574801361097,119.80851991037815
RO,2024,50.2,A0104,48.02955449847772,104.51897904152133
SE,2024,115.9,A0104,113.26217714353108,102.32895298589057
SI,2024,76.2,A0104,86.00179965317365,88.60279704296637
SK,2024,79.3,A0104,58.16789191597542,136.32950651632743
AT,2024,110.2,A0107,131.91261198691322,83.54015460700052
BE,2024,109.2,A0107,156.5827119724985,69.73949973428702
BG,2024,68.9,A0107,38.94611087086614,176.9111175913101
CY,2024,87.6,A0107,73.45664452044923,119.25401789298104
CZ,2024,83.1,A0107,65.06183031716704,127.72465759862501
DE,2024,109.6,A0107,121.6687851904269,90.08062324980253
DK,2024,124.9,A0107,145.45762297266015,85.86693323283296
EE,2024,94.6,A0107,72.4124525516199,130.64051370524083
EL,2024,89.7,A0107,48.29884726098903,185.71871812031978
ES,2024,88.5,A0107,88.48484054286625,100.01713226473682
FI,2024,112.7,A0107,118.03475252584818,95.48035437725856
FR,2024,109.2,A0107,120.96748830443842,90.27218927219252
HR,2024,84.0,A0107,58.05847125578226,144.68172892450062
HU,2024,81.0,A0107,44.20769395412632,183.22602414876587
IE,2024,109.1,A0107,144.65127351670574,75.42277184818568
IT,2024,95.9,A0107,92.63845753997894,103.52072189739721
LT,2024,81.0,A0107,64.38477633193992,125.80613712533412
LU,2024,97.3,A0107,194.10569904731952,50.12732777942805
LV,2024,83.0,A0107,58.3131309160322,142.33500876417625
MT,2024,81.1,A0107,75.45286175431241,107.48432612678846
NL,2024,114.4,A0107,134.4587717803899,85.08184217750279
PL,2024,78.6,A0107,54.75117174020347,143.5585714456673
PT,2024,88.3,A0107,67.3574801361097,131.09160233068638
RO,2024,78.3,A0107,48.02955449847772,163.02462268826935
SE,2024,112.0,A0107,113.26217714353108,98.88561461966991
SI,2024,87.4,A0107,86.00179965317365,101.62578033537088
SK,2024,85.5,A0107,58.16789191597542,146.98830778242112
AT,2024,109.6,A0111,131.91261198691322,83.08530803019289
BE,2024,123.1,A0111,156.5827119724985,78.61659722793712
BG,2024,55.0,A0111,38.94611087086614,141.22077601628527
CY,2024,89.4,A0111,73.45664452044923,121.70444291817928
CZ,2024,73.5,A0111,65.06183031716704,112.9694624969788
DE,2024,110.7,A0111,121.6687851904269,90.98471709628778
DK,2024,149.1,A0111,145.45762297266015,102.50408122510325
EE,2024,98.1,A0111,72.4124525516199,135.4739365167455
EL,2024,86.6,A0111,48.29884726098903,179.30034547625075
ES,2024,84.1,A0111,88.48484054286625,95.0445290786934
FI,2024,125.6,A0111,118.03475252584818,106.40933903978417
FR,2024,109.5,A0111,120.96748830443842,90.52018979217107
HR,2024,96.0,A0111,58.05847125578226,165.35054734228643
HU,2024,68.9,A0111,44.20769395412632,155.85522301049346
IE,2024,128.0,A0111,144.65127351670574,88.48867824535074
IT,2024,108.6,A0111,92.63845753997894,117.22993115805356
LT,2024,85.3,A0111,64.38477633193992,132.48473452828395
LU,2024,122.7,A0111,194.10569904731952,63.212981691015635
LV,2024,91.7,A0111,58.3131309160322,157.25446149005978
MT,2024,87.3,A0111,75.45286175431241,115.7013769527575
NL,2024,120.5,A0111,134.4587717803899,89.61854879710741
PL,2024,93.9,A0111,54.75117174020347,171.5031788644804
PT,2024,75.0,A0111,67.3574801361097,111.34620809514698
RO,2024,70.6,A0111,48.02955449847772,146.99282709823518
SE,2024,117.9,A0111,113.26217714353108,104.09476753267037
SI,2024,89.0,A0111,86.00179965317365,103.48620652000008
SK,2024,90.2,A0111,58.16789191597542,155.06836680671796
AT,2024,113.6,A0108,131.91261198691322,86.11761854224373
BE,2024,145.7,A0108,156.5827119724985,93.04986365646171
BG,2024,98.7,A0108,38.94611087086614,253.42710168740646
CY,2024,102.9,A0108,73.45664452044923,140.08263060716607
CZ,2024,99.6,A0108,65.06183031716704,153.08514917957945
DE,2024,121.7,A0108,121.6687851904269,100.02565556114023
DK,2024,124.3,A0108,145.45762297266015,85.45444196029734
EE,2024,105.4,A0108,72.4124525516199,145.55507552359813
EL,2024,123.2,A0108,48.29884726098903,255.0785515320334
ES,2024,96.2,A0108,88.48484054286625,108.71918784031278
FI,2024,104.5,A0108,118.03475252584818,88.53324784759113
FR,2024,94.8,A0108,120.96748830443842,78.36816431322208
HR,2024,106.9,A0108,58.05847125578226,184.1247240717752
HU,2024,93.0,A0108,44.20769395412632,210.3706203189534
IE,2024,130.5,A0108,144.65127351670574,90.21697274233026
IT,2024,88.7,A0108,92.63845753997894,95.74857176537157
LT,2024,97.8,A0108,64.38477633193992,151.89926186244045
LU,2024,137.0,A0108,194.10569904731952,70.58010180659447
LV,2024,93.5,A0108,58.3131309160322,160.34124481265638
MT,2024,112.3,A0108,75.45286175431241,148.83464641231006
NL,2024,121.6,A0108,134.4587717803899,90.43664343342955
PL,2024,64.4,A0108,54.75117174020347,117.62305344912183
PT,2024,110.0,A0108,67.3574801361097,163.30777187288223
RO,2024,56.5,A0108,48.02955449847772,117.63590270609474
SE,2024,132.4,A0108,113.26217714353108,116.89692299682407
SI,2024,108.7,A0108,86.00179965317365,126.39270391824729
SK,2024,99.3,A0108,58.16789191597542,170.71273640695225
