geo,time,nominal_comp
AT,2000,31943.3
AT,2001,32418.0
AT,2002,33088.4
AT,2003,33653.4
AT,2004,34336.9
AT,2005,35025.1
AT,2006,36099.8
AT,2007,37163.6
AT,2008,38513.8
AT,2009,38983.0
AT,2010,39397.1
AT,2011,40225.5
AT,2012,41271.0
AT,2013,42137.7
AT,2014,42879.7
AT,2015,43723.7
AT,2016,44746.7
AT,2017,45455.2
AT,2018,46738.7
AT,2019,48040.0
AT,2020,48869.5
AT,2021,50309.9
AT,2022,52722.6
AT,2023,56318.4
AT,2024,60398.3
BE,2000,37726.3
BE,2001,39107.1
BE,2002,40724.2
BE,2003,41536.8
BE,2004,42273.9
BE,2005,43028.3
BE,2006,44555.4
BE,2007,46126.6
BE,2008,47824.3
BE,2009,48349.2
BE,2010,49050.6
BE,2011,50632.3
BE,2012,52314.3
BE,2013,53564.7
BE,2014,54109.1
BE,2015,54210.3
BE,2016,54617.2
BE,2017,55667.3
BE,2018,56682.4
BE,2019,57856.6
BE,2020,57143.1
BE,2021,59970.9
BE,2022,64491.0
BE,2023,69349.2
BE,2024,71693.9
BG,2000,2200.9
BG,2001,2494.8
BG,2002,2642.3
BG,2003,2752.0
BG,2004,2914.9
BG,2005,3182.4
BG,2006,3382.7
BG,2007,3810.8
BG,2008,4450.9
BG,2009,4810.4
BG,2010,5287.2
BG,2011,5644.9
BG,2012,6082.1
BG,2013,6617.4
BG,2014,6987.3
BG,2015,7381.5
BG,2016,7809.6
BG,2017,8629.7
BG,2018,9464.4
BG,2019,10119.0
BG,2020,10843.6
BG,2021,12068.7
BG,2022,13776.9
BG,2023,15629.2
BG,2024,17832.1
CY,2000,17758.7
CY,2001,18361.4
CY,2002,19265.9
CY,2003,20472.7
CY,2004,20994.3
CY,2005,22582.0
CY,2006,23581.3
CY,2007,23741.1
CY,2008,24399.2
CY,2009,25755.5
CY,2010,26050.4
CY,2011,26640.6
CY,2012,27099.5
CY,2013,25668.1
CY,2014,24738.0
CY,2015,24408.9
CY,2016,24184.3
CY,2017,24558.5
CY,2018,25017.6
CY,2019,26401.3
CY,2020,26545.3
CY,2021,27755.3
CY,2022,29777.8
CY,2023,32569.1
CY,2024,33633.3
CZ,2000,6330.6
CZ,2001,7174.5
CZ,2002,8548.4
CZ,2003,8914.1
CZ,2004,9610.1
CZ,2005,10689.7
CZ,2006,11900.1
CZ,2007,12894.8
CZ,2008,14981.4
CZ,2009,14046.7
CZ,2010,15253.9
CZ,2011,16123.0
CZ,2012,16025.2
CZ,2013,15492.1
CZ,2014,15028.4
CZ,2015,15649.1
CZ,2016,16571.2
CZ,2017,18272.2
CZ,2018,20308.1
CZ,2019,21854.8
CZ,2020,22059.5
CZ,2021,24163.4
CZ,2022,26954.8
CZ,2023,29511.1
CZ,2024,29789.6
DE,2000,31550.0
DE,2001,32154.2
DE,2002,32581.3
DE,2003,33208.0
DE,2004,33351.3
DE,2005,33440.2
DE,2006,33843.7
DE,2007,34178.6
DE,2008,34964.0
DE,2009,35121.7
DE,2010,36005.1
DE,2011,37081.5
DE,2012,38063.0
DE,2013,38847.9
DE,2014,40007.1
DE,2015,41164.3
DE,2016,42145.2
DE,2017,43312.9
DE,2018,44677.7
DE,2019,46155.4
DE,2020,46278.9
DE,2021,47757.1
DE,2022,49853.1
DE,2023,52969.4
DE,2024,55708.0
DK,2000,34847.4
DK,2001,36247.2
DK,2002,37719.7
DK,2003,39057.5
DK,2004,40236.6
DK,2005,41471.9
DK,2006,42878.1
DK,2007,44545.6
DK,2008,46263.4
DK,2009,47620.2
DK,2010,49156.2
DK,2011,49850.8
DK,2012,50786.9
DK,2013,51500.8
DK,2014,52259.9
DK,2015,53093.8
DK,2016,53921.8
DK,2017,54859.1
DK,2018,55723.8
DK,2019,56625.9
DK,2020,58147.9
DK,2021,60099.6
DK,2022,61622.4
DK,2023,63821.0
DK,2024,66600.1
EE,2000,5208.4
EE,2001,5732.5
EE,2002,6315.4
EE,2003,7023.4
EE,2004,7889.0
EE,2005,8724.6
EE,2006,10010.9
EE,2007,12579.0
EE,2008,13866.6
EE,2009,13349.0
EE,2010,13699.8
EE,2011,13988.4
EE,2012,14817.5
EE,2013,15664.4
EE,2014,16688.9
EE,2015,17288.5
EE,2016,18364.6
EE,2017,19665.8
EE,2018,21512.7
EE,2019,23195.9
EE,2020,24229.7
EE,2021,26502.5
EE,2022,28519.3
EE,2023,30977.9
EE,2024,33155.2
EL,2000,16201.6
EL,2001,16906.0
EL,2002,18621.4
EL,2003,20091.7
EL,2004,20922.7
EL,2005,22484.5
EL,2006,23441.1
EL,2007,24599.4
EL,2008,25433.5
EL,2009,26213.2
EL,2010,25822.9
EL,2011,24945.4
EL,2012,23992.8
EL,2013,22006.7
EL,2014,21044.2
EL,2015,20909.1
EL,2016,20142.5
EL,2017,20347.3
EL,2018,19649.7
EL,2019,19609.5
EL,2020,19520.5
EL,2021,19836.0
EL,2022,20232.0
EL,2023,20907.5
EL,2024,22114.4
ES,2000,22773.1
ES,2001,23406.9
ES,2002,24211.4
ES,2003,24686.1
ES,2004,25355.5
ES,2005,25989.7
ES,2006,26900.0
ES,2007,27982.6
ES,2008,29897.0
ES,2009,31094.1
ES,2010,31478.0
ES,2011,31482.1
ES,2012,31123.1
ES,2013,31078.9
ES,2014,31143.8
ES,2015,31512.7
ES,2016,31496.4
ES,2017,31728.5
ES,2018,32270.6
ES,2019,33374.3
ES,2020,33626.3
ES,2021,35238.5
ES,2022,36889.5
ES,2023,38749.7
ES,2024,40514.2
EU27_2020,2000,24480.4
EU27_2020,2001,25324.4
EU27_2020,2002,26047.5
EU27_2020,2003,26670.5
EU27_2020,2004,27275.3
EU27_2020,2005,27982.2
EU27_2020,2006,28671.0
EU27_2020,2007,29504.7
EU27_2020,2008,30664.8
EU27_2020,2009,30782.8
EU27_2020,2010,31837.6
EU27_2020,2011,32615.2
EU27_2020,2012,33132.8
EU27_2020,2013,33613.6
EU27_2020,2014,33968.1
EU27_2020,2015,34457.6
EU27_2020,2016,34955.3
EU27_2020,2017,35740.6
EU27_2020,2018,36633.3
EU27_2020,2019,37502.0
EU27_2020,2020,37462.6
EU27_2020,2021,39153.6
EU27_2020,2022,41047.8
EU27_2020,2023,43493.1
EU27_2020,2024,45786.6
FI,2000,31375.0
FI,2001,32521.3
FI,2002,33059.6
FI,2003,33756.8
FI,2004,34935.9
FI,2005,36116.9
FI,2006,37304.2
FI,2007,38497.2
FI,2008,40128.8
FI,2009,40976.1
FI,2010,42173.4
FI,2011,43637.5
FI,2012,44747.6
FI,2013,45402.6
FI,2014,45844.1
FI,2015,46312.1
FI,2016,46784.7
FI,2017,46538.6
FI,2018,47112.7
FI,2019,47948.8
FI,2020,48237.5
FI,2021,50206.6
FI,2022,51474.8
FI,2023,53149.7
FI,2024,54044.1
FR,2000,31996.5
FR,2001,32847.7
FR,2002,34001.6
FR,2003,34990.8
FR,2004,36187.8
FR,2005,37309.6
FR,2006,38470.2
FR,2007,39400.5
FR,2008,40401.0
FR,2009,41038.5
FR,2010,42171.1
FR,2011,43265.6
FR,2012,44239.6
FR,2013,45114.2
FR,2014,45708.6
FR,2015,46239.7
FR,2016,46749.0
FR,2017,47664.7
FR,2018,48383.4
FR,2019,48359.8
FR,2020,46661.9
FR,2021,48980.3
FR,2022,51415.8
FR,2023,53730.1
FR,2024,55386.9
HR,2000,10263.5
HR,2001,10681.1
HR,2002,11951.5
HR,2003,12626.9
HR,2004,13394.6
HR,2005,14323.6
HR,2006,14918.6
HR,2007,15690.2
HR,2008,16645.0
HR,2009,16361.8
HR,2010,16853.0
HR,2011,17126.7
HR,2012,16795.8
HR,2013,16655.4
HR,2014,15732.5
HR,2015,15924.4
HR,2016,16304.3
HR,2017,16764.6
HR,2018,17816.1
HR,2019,18090.5
HR,2020,18002.9
HR,2021,19164.6
HR,2022,21499.3
HR,2023,24404.5
HR,2024,26583.0
HU,2000,6248.7
HU,2001,7352.4
HU,2002,8648.9
HU,2003,9146.8
HU,2004,10303.1
HU,2005,11319.9
HU,2006,11167.4
HU,2007,12472.1
HU,2008,13457.2
HU,2009,11661.7
HU,2010,12096.5
HU,2011,12430.9
HU,2012,12355.9
HU,2013,12026.1
HU,2014,11621.4
HU,2015,11810.2
HU,2016,12119.5
HU,2017,13054.6
HU,2018,13492.8
HU,2019,14433.8
HU,2020,13922.1
HU,2021,14712.7
HU,2022,15777.9
HU,2023,18606.8
HU,2024,20241.2
IE,2000,28837.6
IE,2001,31211.0
IE,2002,32799.3
IE,2003,34929.0
IE,2004,36789.5
IE,2005,38869.8
IE,2006,40576.9
IE,2007,42952.2
IE,2008,44771.7
IE,2009,44826.3
IE,2010,43805.6
IE,2011,45676.0
IE,2012,46344.9
IE,2013,45779.8
IE,2014,46249.7
IE,2015,47260.6
IE,2016,48390.6
IE,2017,49722.9
IE,2018,51113.3
IE,2019,53153.1
IE,2020,54657.2
IE,2021,57225.0
IE,2022,59655.7
IE,2023,62096.3
IE,2024,66230.9
IT,2000,28064.8
IT,2001,28936.5
IT,2002,29564.6
IT,2003,30365.2
IT,2004,31410.6
IT,2005,32220.4
IT,2006,32933.5
IT,2007,33664.1
IT,2008,34603.2
IT,2009,34776.5
IT,2010,35588.6
IT,2011,35957.8
IT,2012,35495.2
IT,2013,35789.6
IT,2014,35879.4
IT,2015,36258.8
IT,2016,36362.3
IT,2017,36545.0
IT,2018,37137.6
IT,2019,37616.3
IT,2020,36102.5
IT,2021,38553.6
IT,2022,39990.5
IT,2023,41048.5
IT,2024,42416.0
LT,2000,4339.8
LT,2001,4790.0
LT,2002,5203.6
LT,2003,5678.2
LT,2004,6363.3
LT,2005,7262.0
LT,2006,8765.8
LT,2007,9997.7
LT,2008,11374.0
LT,2009,10319.0
LT,2010,10302.1
LT,2011,10935.9
LT,2012,11390.4
LT,2013,12002.4
LT,2014,12555.7
LT,2015,13283.2
LT,2016,14115.6
LT,2017,15460.3
LT,2018,16685.6
LT,2019,18447.2
LT,2020,19666.5
LT,2021,21986.9
LT,2022,24537.2
LT,2023,27505.1
LT,2024,29479.6
LU,2000,43364.8
LU,2001,44740.7
LU,2002,46530.8
LU,2003,47117.9
LU,2004,48843.2
LU,2005,50881.1
LU,2006,52985.1
LU,2007,55185.1
LU,2008,56641.7
LU,2009,57481.7
LU,2010,58562.1
LU,2011,60824.6
LU,2012,61594.8
LU,2013,63484.9
LU,2014,64795.0
LU,2015,65842.0
LU,2016,66278.9
LU,2017,68330.9
LU,2018,70532.8
LU,2019,71843.0
LU,2020,72615.7
LU,2021,76460.6
LU,2022,79874.2
LU,2023,85889.8
LU,2024,88874.4
LV,2000,4558.8
LV,2001,4736.5
LV,2002,4772.9
LV,2003,4853.4
LV,2004,5367.2
LV,2005,6474.0
LV,2006,7932.9
LV,2007,10622.1
LV,2008,12458.0
LV,2009,11053.8
LV,2010,10278.7
LV,2011,10574.9
LV,2012,11505.8
LV,2013,12090.8
LV,2014,13064.2
LV,2015,14065.9
LV,2016,15030.0
LV,2017,16145.6
LV,2018,17372.0
LV,2019,18279.5
LV,2020,18781.0
LV,2021,20201.6
LV,2022,22846.7
LV,2023,24163.6
LV,2024,26699.6
MT,2000,14409.2
MT,2001,15367.4
MT,2002,15585.6
MT,2003,15444.6
MT,2004,15762.2
MT,2005,16013.8
MT,2006,16781.5
MT,2007,17290.0
MT,2008,18054.7
MT,2009,18375.4
MT,2010,19269.7
MT,2011,20030.8
MT,2012,20696.5
MT,2013,21180.3
MT,2014,21807.3
MT,2015,22967.7
MT,2016,23793.1
MT,2017,24803.8
MT,2018,26603.3
MT,2019,27591.1
MT,2020,27980.2
MT,2021,29487.3
MT,2022,31355.8
MT,2023,32104.2
MT,2024,34547.3
NL,2000,32646.8
NL,2001,33604.1
NL,2002,35023.4
NL,2003,36147.0
NL,2004,37251.1
NL,2005,37669.8
NL,2006,38207.8
NL,2007,39294.5
NL,2008,40888.4
NL,2009,41905.3
NL,2010,42200.0
NL,2011,43012.9
NL,2012,43868.2
NL,2013,44682.0
NL,2014,45444.2
NL,2015,45366.5
NL,2016,46253.0
NL,2017,46660.3
NL,2018,47709.8
NL,2019,49175.8
NL,2020,51200.9
NL,2021,52606.6
NL,2022,54528.7
NL,2023,57757.4
NL,2024,61564.1
PL,2000,7292.0
PL,2001,8757.2
PL,2002,8544.7
PL,2003,7615.3
PL,2004,7591.2
PL,2005,8726.5
PL,2006,9230.4
PL,2007,10023.0
PL,2008,11693.7
PL,2009,9811.1
PL,2010,11629.4
PL,2011,11900.2
PL,2012,12102.2
PL,2013,12253.8
PL,2014,12568.1
PL,2015,12869.5
PL,2016,12932.9
PL,2017,13995.0
PL,2018,15048.1
PL,2019,15752.0
PL,2020,15986.0
PL,2021,16294.6
PL,2022,17827.8
PL,2023,21036.4
PL,2024,25068.7
PT,2000,15345.3
PT,2001,15986.0
PT,2002,16555.6
PT,2003,17081.3
PT,2004,17639.8
PT,2005,18468.4
PT,2006,18808.0
PT,2007,19456.1
PT,2008,19966.8
PT,2009,20445.2
PT,2010,20955.5
PT,2011,20587.6
PT,2012,19967.1
PT,2013,20669.1
PT,2014,20281.0
PT,2015,20324.9
PT,2016,20551.9
PT,2017,20985.3
PT,2018,21893.9
PT,2019,23039.3
PT,2020,23460.6
PT,2021,24841.1
PT,2022,26225.8
PT,2023,28683.5
PT,2024,30840.7
RO,2000,2720.1
RO,2001,3235.3
RO,2002,3135.2
RO,2003,3325.4
RO,2004,3619.3
RO,2005,5134.1
RO,2006,5930.8
RO,2007,6726.8
RO,2008,8310.9
RO,2009,6958.3
RO,2010,7406.1
RO,2011,7471.0
RO,2012,7323.9
RO,2013,7747.3
RO,2014,8187.8
RO,2015,8335.8
RO,2016,9527.5
RO,2017,10757.3
RO,2018,11936.8
RO,2019,12985.2
RO,2020,13247.1
RO,2021,13856.5
RO,2022,15723.5
RO,2023,18859.6
RO,2024,21991.1
SE,2000,32103.5
SE,2001,30574.2
SE,2002,31865.1
SE,2003,33135.5
SE,2004,34514.1
SE,2005,35055.3
SE,2006,36259.4
SE,2007,38255.2
SE,2008,38316.0
SE,2009,35477.0
SE,2010,40536.1
SE,2011,44159.2
SE,2012,47274.7
SE,2013,48471.1
SE,2014,47118.7
SE,2015,47033.4
SE,2016,47545.1
SE,2017,47695.3
SE,2018,46551.6
SE,2019,46425.3
SE,2020,48041.5
SE,2021,52062.8
SE,2022,50713.5
SE,2023,49443.2
SE,2024,51858.9
SI,2000,14589.9
SI,2001,15430.4
SI,2002,16119.3
SI,2003,16818.6
SI,2004,17718.2
SI,2005,18758.3
SI,2006,19769.9
SI,2007,20966.4
SI,2008,22476.1
SI,2009,22913.0
SI,2010,23818.0
SI,2011,24174.4
SI,2012,23934.9
SI,2013,24044.9
SI,2014,24350.1
SI,2015,24708.5
SI,2016,25497.8
SI,2017,26281.0
SI,2018,27327.0
SI,2019,28759.5
SI,2020,29855.2
SI,2021,32239.2
SI,2022,33825.5
SI,2023,37076.7
SI,2024,39377.3
SK,2000,4988.0
SK,2001,5178.3
SK,2002,5711.3
SK,2003,6334.2
SK,2004,7050.8
SK,2005,7927.3
SK,2006,8888.0
SK,2007,10678.8
SK,2008,12305.6
SK,2009,13098.7
SK,2010,13825.9
SK,2011,14114.7
SK,2012,14468.5
SK,2013,14851.9
SK,2014,15134.4
SK,2015,15669.5
SK,2016,16019.8
SK,2017,16857.7
SK,2018,17854.6
SK,2019,19052.5
SK,2020,19779.9
SK,2021,21153.3
SK,2022,22403.8
SK,2023,24723.4
SK,2024,26633.1
