freq,wstatus,unit,geo,time,value,geo_label
A,EMP,PC,AT,2010,10.5,Austria
A,EMP,PC,AT,2011,10.8,Austria
A,EMP,PC,AT,2012,10.0,Austria
A,EMP,PC,AT,2013,10.1,Austria
A,EMP,PC,AT,2014,11.3,Austria
A,EMP,PC,AT,2015,10.7,Austria
A,EMP,PC,AT,2016,8.9,Austria
A,EMP,PC,AT,2017,7.9,Austria
A,EMP,PC,AT,2018,8.5,Austria
A,EMP,PC,AT,2019,7.6,Austria
A,EMP,PC,AT,2020,6.6,Austria
A,EMP,PC,AT,2021,6.7,Austria
A,EMP,PC,AT,2022,8.3,Austria
A,EMP,PC,AT,2023,10.4,Austria
A,EMP,PC,AT,2024,9.8,Austria
A,EMP,PC,AT,2025,8.6,Austria
A,EMP,PC,BE,2010,12.9,Belgium
A,EMP,PC,BE,2011,13.2,Belgium
A,EMP,PC,BE,2012,14.4,Belgium
A,EMP,PC,BE,2013,13.1,Belgium
A,EMP,PC,BE,2014,11.7,Belgium
A,EMP,PC,BE,2015,12.4,Belgium
A,EMP,PC,BE,2016,12.6,Belgium
A,EMP,PC,BE,2017,12.2,Belgium
A,EMP,PC,BE,2018,10.8,Belgium
A,EMP,PC,BE,2019,11.2,Belgium
A,EMP,PC,BE,2020,9.3,Belgium
A,EMP,PC,BE,2021,8.5,Belgium
A,EMP,PC,BE,2022,9.3,Belgium
A,EMP,PC,BE,2023,9.6,Belgium
A,EMP,PC,BE,2024,10.1,Belgium
A,EMP,PC,BE,2025,9.1,Belgium
A,EMP,PC,BG,2010,56.8,Bulgaria
A,EMP,PC,BG,2011,52.8,Bulgaria
A,EMP,PC,BG,2012,56.4,Bulgaria
A,EMP,PC,BG,2013,55.1,Bulgaria
A,EMP,PC,BG,2014,52.7,Bulgaria
A,EMP,PC,BG,2015,52.9,Bulgaria
A,EMP,PC,BG,2016,50.7,Bulgaria
A,EMP,PC,BG,2017,47.9,Bulgaria
A,EMP,PC,BG,2018,45.5,Bulgaria
A,EMP,PC,BG,2019,38.5,Bulgaria
A,EMP,PC,BG,2020,31.8,Bulgaria
A,EMP,PC,BG,2021,26.6,Bulgaria
A,EMP,PC,BG,2022,29.4,Bulgaria
A,EMP,PC,BG,2023,23.7,Bulgaria
A,EMP,PC,BG,2024,28.4,Bulgaria
A,EMP,PC,BG,2025,27.0,Bulgaria
A,EMP,PC,CY,2010,48.3,Cyprus
A,EMP,PC,CY,2011,49.3,Cyprus
A,EMP,PC,CY,2012,45.4,Cyprus
A,EMP,PC,CY,2013,53.3,Cyprus
A,EMP,PC,CY,2014,54.3,Cyprus
A,EMP,PC,CY,2015,52.1,Cyprus
A,EMP,PC,CY,2016,54.0,Cyprus
A,EMP,PC,CY,2017,35.0,Cyprus
A,EMP,PC,CY,2018,39.5,Cyprus
A,EMP,PC,CY,2019,29.4,Cyprus
A,EMP,PC,CY,2020,20.2,Cyprus
A,EMP,PC,CY,2021,20.0,Cyprus
A,EMP,PC,CY,2022,24.5,Cyprus
A,EMP,PC,CY,2023,18.9,Cyprus
A,EMP,PC,CY,2024,16.4,Cyprus
A,EMP,PC,CY,2025,13.5,Cyprus
A,EMP,PC,CZ,2010,21.6,Czechia
A,EMP,PC,CZ,2011,22.4,Czechia
A,EMP,PC,CZ,2012,25.0,Czechia
A,EMP,PC,CZ,2013,25.7,Czechia
A,EMP,PC,CZ,2014,24.4,Czechia
A,EMP,PC,CZ,2015,20.3,Czechia
A,EMP,PC,CZ,2016,17.0,Czechia
A,EMP,PC,CZ,2017,17.2,Czechia
A,EMP,PC,CZ,2018,12.0,Czechia
A,EMP,PC,CZ,2019,9.3,Czechia
A,EMP,PC,CZ,2020,9.1,Czechia
A,EMP,PC,CZ,2021,8.2,Czechia
A,EMP,PC,CZ,2022,9.1,Czechia
A,EMP,PC,CZ,2023,9.2,Czechia
A,EMP,PC,CZ,2024,9.9,Czechia
A,EMP,PC,CZ,2025,9.5,Czechia
A,EMP,PC,DE,2010,5.7,Germany
A,EMP,PC,DE,2011,6.2,Germany
A,EMP,PC,DE,2012,6.2,Germany
A,EMP,PC,DE,2013,6.0,Germany
A,EMP,PC,DE,2014,5.6,Germany
A,EMP,PC,DE,2015,4.9,Germany
A,EMP,PC,DE,2016,4.1,Germany
A,EMP,PC,DE,2017,3.7,Germany
A,EMP,PC,DE,2018,3.6,Germany
A,EMP,PC,DE,2019,3.2,Germany
A,EMP,PC,DE,2020,3.8,Germany
A,EMP,PC,DE,2021,4.8,Germany
A,EMP,PC,DE,2022,6.0,Germany
A,EMP,PC,DE,2023,7.0,Germany
A,EMP,PC,DE,2024,5.3,Germany
A,EMP,PC,DE,2025,5.6,Germany
A,EMP,PC,DK,2010,5.0,Denmark
A,EMP,PC,DK,2011,6.6,Denmark
A,EMP,PC,DK,2012,7.0,Denmark
A,EMP,PC,DK,2013,7.9,Denmark
A,EMP,PC,DK,2014,8.0,Denmark
A,EMP,PC,DK,2015,7.3,Denmark
A,EMP,PC,DK,2016,6.8,Denmark
A,EMP,PC,DK,2017,5.8,Denmark
A,EMP,PC,DK,2018,6.2,Denmark
A,EMP,PC,DK,2019,5.3,Denmark
A,EMP,PC,DK,2020,5.8,Denmark
A,EMP,PC,DK,2021,5.8,Denmark
A,EMP,PC,DK,2022,7.4,Denmark
A,EMP,PC,DK,2023,9.7,Denmark
A,EMP,PC,DK,2024,9.2,Denmark
A,EMP,PC,DK,2025,8.2,Denmark
A,EMP,PC,EE,2010,18.2,Estonia
A,EMP,PC,EE,2011,15.8,Estonia
A,EMP,PC,EE,2012,16.6,Estonia
A,EMP,PC,EE,2013,15.4,Estonia
A,EMP,PC,EE,2014,12.5,Estonia
A,EMP,PC,EE,2015,9.8,Estonia
A,EMP,PC,EE,2016,10.3,Estonia
A,EMP,PC,EE,2017,9.2,Estonia
A,EMP,PC,EE,2018,9.1,Estonia
A,EMP,PC,EE,2019,6.9,Estonia
A,EMP,PC,EE,2020,6.2,Estonia
A,EMP,PC,EE,2021,5.3,Estonia
A,EMP,PC,EE,2022,5.5,Estonia
A,EMP,PC,EE,2023,7.7,Estonia
A,EMP,PC,EE,2024,6.4,Estonia
A,EMP,PC,EE,2025,9.3,Estonia
A,EMP,PC,EL,2010,52.2,Greece
A,EMP,PC,EL,2011,59.0,Greece
A,EMP,PC,EL,2012,69.9,Greece
A,EMP,PC,EL,2013,73.3,Greece
A,EMP,PC,EL,2014,71.5,Greece
A,EMP,PC,EL,2015,72.0,Greece
A,EMP,PC,EL,2016,71.4,Greece
A,EMP,PC,EL,2017,73.0,Greece
A,EMP,PC,EL,2018,68.7,Greece
A,EMP,PC,EL,2019,64.8,Greece
A,EMP,PC,EL,2020,64.0,Greece
A,EMP,PC,EL,2021,63.9,Greece
A,EMP,PC,EL,2022,60.7,Greece
A,EMP,PC,EL,2023,59.1,Greece
A,EMP,PC,EL,2024,58.4,Greece
A,EMP,PC,EL,2025,59.8,Greece
A,EMP,PC,ES,2010,27.5,Spain
A,EMP,PC,ES,2011,22.8,Spain
A,EMP,PC,ES,2012,27.1,Spain
A,EMP,PC,ES,2013,30.3,Spain
A,EMP,PC,ES,2014,29.4,Spain
A,EMP,PC,ES,2015,27.0,Spain
A,EMP,PC,ES,2016,27.5,Spain
A,EMP,PC,ES,2017,18.7,Spain
A,EMP,PC,ES,2018,20.8,Spain
A,EMP,PC,ES,2019,16.1,Spain
A,EMP,PC,ES,2020,18.2,Spain
A,EMP,PC,ES,2021,16.4,Spain
A,EMP,PC,ES,2022,17.8,Spain
A,EMP,PC,ES,2023,19.2,Spain
A,EMP,PC,ES,2024,19.2,Spain
A,EMP,PC,ES,2025,18.2,Spain
A,EMP,PC,EU27_2020,2010,22.1,European Union - 27 countries (from 2020)
A,EMP,PC,EU27_2020,2011,21.4,European Union - 27 countries (from 2020)
A,EMP,PC,EU27_2020,2012,22.6,European Union - 27 countries (from 2020)
A,EMP,PC,EU27_2020,2013,23.3,European Union - 27 countries (from 2020)
A,EMP,PC,EU27_2020,2014,22.0,European Union - 27 countries (from 2020)
A,EMP,PC,EU27_2020,2015,20.7,European Union - 27 countries (from 2020)
A,EMP,PC,EU27_2020,2016,18.9,European Union - 27 countries (from 2020)
A,EMP,PC,EU27_2020,2017,16.5,European Union - 27 countries (from 2020)
A,EMP,PC,EU27_2020,2018,16.0,European Union - 27 countries (from 2020)
A,EMP,PC,EU27_2020,2019,13.5,European Union - 27 countries (from 2020)
A,EMP,PC,EU27_2020,2020,15.0,European Union - 27 countries (from 2020)
A,EMP,PC,EU27_2020,2021,13.5,European Union - 27 countries (from 2020)
A,EMP,PC,EU27_2020,2022,14.2,European Union - 27 countries (from 2020)
A,EMP,PC,EU27_2020,2023,14.9,European Union - 27 countries (from 2020)
A,EMP,PC,EU27_2020,2024,13.5,European Union - 27 countries (from 2020)
A,EMP,PC,EU27_2020,2025,13.6,European Union - 27 countries (from 2020)
A,EMP,PC,FI,2010,3.7,Finland
A,EMP,PC,FI,2011,3.9,Finland
A,EMP,PC,FI,2012,4.0,Finland
A,EMP,PC,FI,2013,4.4,Finland
A,EMP,PC,FI,2014,5.0,Finland
A,EMP,PC,FI,2015,4.4,Finland
A,EMP,PC,FI,2016,4.1,Finland
A,EMP,PC,FI,2017,4.1,Finland
A,EMP,PC,FI,2018,3.5,Finland
A,EMP,PC,FI,2019,4.0,Finland
A,EMP,PC,FI,2020,4.3,Finland
A,EMP,PC,FI,2021,3.2,Finland
A,EMP,PC,FI,2022,3.8,Finland
A,EMP,PC,FI,2023,5.7,Finland
A,EMP,PC,FI,2024,6.5,Finland
A,EMP,PC,FI,2025,6.1,Finland
A,EMP,PC,FR,2010,16.8,France
A,EMP,PC,FR,2011,16.1,France
A,EMP,PC,FR,2012,16.6,France
A,EMP,PC,FR,2013,17.8,France
A,EMP,PC,FR,2014,17.6,France
A,EMP,PC,FR,2015,16.4,France
A,EMP,PC,FR,2016,15.7,France
A,EMP,PC,FR,2017,14.9,France
A,EMP,PC,FR,2018,14.7,France
A,EMP,PC,FR,2019,13.6,France
A,EMP,PC,FR,2020,14.4,France
A,EMP,PC,FR,2021,12.8,France
A,EMP,PC,FR,2022,17.0,France
A,EMP,PC,FR,2023,18.4,France
A,EMP,PC,FR,2024,18.0,France
A,EMP,PC,FR,2025,18.5,France
A,EMP,PC,HR,2010,45.6,Croatia
A,EMP,PC,HR,2011,42.7,Croatia
A,EMP,PC,HR,2012,45.2,Croatia
A,EMP,PC,HR,2013,52.1,Croatia
A,EMP,PC,HR,2014,51.2,Croatia
A,EMP,PC,HR,2015,43.8,Croatia
A,EMP,PC,HR,2016,40.5,Croatia
A,EMP,PC,HR,2017,34.2,Croatia
A,EMP,PC,HR,2018,33.1,Croatia
A,EMP,PC,HR,2019,26.2,Croatia
A,EMP,PC,HR,2020,24.7,Croatia
A,EMP,PC,HR,2021,18.2,Croatia
A,EMP,PC,HR,2022,17.2,Croatia
A,EMP,PC,HR,2023,13.8,Croatia
A,EMP,PC,HR,2024,12.5,Croatia
A,EMP,PC,HR,2025,12.3,Croatia
A,EMP,PC,HU,2010,50.1,Hungary
A,EMP,PC,HU,2011,50.4,Hungary
A,EMP,PC,HU,2012,50.4,Hungary
A,EMP,PC,HU,2013,47.5,Hungary
A,EMP,PC,HU,2014,42.0,Hungary
A,EMP,PC,HU,2015,39.5,Hungary
A,EMP,PC,HU,2016,36.3,Hungary
A,EMP,PC,HU,2017,35.4,Hungary
A,EMP,PC,HU,2018,29.9,Hungary
A,EMP,PC,HU,2019,22.0,Hungary
A,EMP,PC,HU,2020,21.9,Hungary
A,EMP,PC,HU,2021,20.4,Hungary
A,EMP,PC,HU,2022,16.0,Hungary
A,EMP,PC,HU,2023,16.9,Hungary
A,EMP,PC,HU,2024,14.3,Hungary
A,EMP,PC,HU,2025,14.8,Hungary
A,EMP,PC,IE,2010,22.5,Ireland
A,EMP,PC,IE,2011,21.4,Ireland
A,EMP,PC,IE,2012,24.6,Ireland
A,EMP,PC,IE,2013,27.2,Ireland
A,EMP,PC,IE,2014,27.6,Ireland
A,EMP,PC,IE,2015,23.8,Ireland
A,EMP,PC,IE,2016,19.1,Ireland
A,EMP,PC,IE,2017,17.1,Ireland
A,EMP,PC,IE,2018,14.9,Ireland
A,EMP,PC,IE,2019,12.4,Ireland
A,EMP,PC,IE,2020,12.0,Ireland
A,EMP,PC,IE,2021,9.5,Ireland
A,EMP,PC,IE,2022,12.6,Ireland
A,EMP,PC,IE,2023,12.1,Ireland
A,EMP,PC,IE,2024,12.5,Ireland
A,EMP,PC,IE,2025,11.0,Ireland
A,EMP,PC,IT,2010,30.8,Italy
A,EMP,PC,IT,2011,31.9,Italy
A,EMP,PC,IT,2012,33.9,Italy
A,EMP,PC,IT,2013,34.5,Italy
A,EMP,PC,IT,2014,32.7,Italy
A,EMP,PC,IT,2015,31.0,Italy
A,EMP,PC,IT,2016,26.0,Italy
A,EMP,PC,IT,2017,21.5,Italy
A,EMP,PC,IT,2018,23.9,Italy
A,EMP,PC,IT,2019,17.3,Italy
A,EMP,PC,IT,2020,18.6,Italy
A,EMP,PC,IT,2021,18.6,Italy
A,EMP,PC,IT,2022,17.2,Italy
A,EMP,PC,IT,2023,14.5,Italy
A,EMP,PC,IT,2024,14.4,Italy
A,EMP,PC,IT,2025,17.7,Italy
A,EMP,PC,LT,2010,27.5,Lithuania
A,EMP,PC,LT,2011,24.1,Lithuania
A,EMP,PC,LT,2012,24.8,Lithuania
A,EMP,PC,LT,2013,21.4,Lithuania
A,EMP,PC,LT,2014,19.8,Lithuania
A,EMP,PC,LT,2015,19.2,Lithuania
A,EMP,PC,LT,2016,19.5,Lithuania
A,EMP,PC,LT,2017,17.6,Lithuania
A,EMP,PC,LT,2018,14.7,Lithuania
A,EMP,PC,LT,2019,12.1,Lithuania
A,EMP,PC,LT,2020,8.4,Lithuania
A,EMP,PC,LT,2021,6.1,Lithuania
A,EMP,PC,LT,2022,6.5,Lithuania
A,EMP,PC,LT,2023,7.1,Lithuania
A,EMP,PC,LT,2024,5.1,Lithuania
A,EMP,PC,LT,2025,5.4,Lithuania
A,EMP,PC,LU,2010,6.7,Luxembourg
A,EMP,PC,LU,2011,7.6,Luxembourg
A,EMP,PC,LU,2012,8.1,Luxembourg
A,EMP,PC,LU,2013,11.2,Luxembourg
A,EMP,PC,LU,2014,9.8,Luxembourg
A,EMP,PC,LU,2015,10.5,Luxembourg
A,EMP,PC,LU,2016,10.1,Luxembourg
A,EMP,PC,LU,2017,11.4,Luxembourg
A,EMP,PC,LU,2018,10.2,Luxembourg
A,EMP,PC,LU,2019,8.7,Luxembourg
A,EMP,PC,LU,2020,10.8,Luxembourg
A,EMP,PC,LU,2021,8.2,Luxembourg
A,EMP,PC,LU,2022,5.0,Luxembourg
A,EMP,PC,LU,2023,6.3,Luxembourg
A,EMP,PC,LU,2024,7.8,Luxembourg
A,EMP,PC,LU,2025,5.5,Luxembourg
A,EMP,PC,LV,2010,46.9,Latvia
A,EMP,PC,LV,2011,46.6,Latvia
A,EMP,PC,LV,2012,42.1,Latvia
A,EMP,PC,LV,2013,45.1,Latvia
A,EMP,PC,LV,2014,39.3,Latvia
A,EMP,PC,LV,2015,33.1,Latvia
A,EMP,PC,LV,2016,30.2,Latvia
A,EMP,PC,LV,2017,30.8,Latvia
A,EMP,PC,LV,2018,22.8,Latvia
A,EMP,PC,LV,2019,17.2,Latvia
A,EMP,PC,LV,2020,17.7,Latvia
A,EMP,PC,LV,2021,14.3,Latvia
A,EMP,PC,LV,2022,16.4,Latvia
A,EMP,PC,LV,2023,16.7,Latvia
A,EMP,PC,LV,2024,16.2,Latvia
A,EMP,PC,LV,2025,14.5,Latvia
A,EMP,PC,MT,2010,41.6,Malta
A,EMP,PC,MT,2011,32.9,Malta
A,EMP,PC,MT,2012,36.2,Malta
A,EMP,PC,MT,2013,30.0,Malta
A,EMP,PC,MT,2014,27.0,Malta
A,EMP,PC,MT,2015,16.0,Malta
A,EMP,PC,MT,2016,15.1,Malta
A,EMP,PC,MT,2017,12.5,Malta
A,EMP,PC,MT,2018,10.0,Malta
A,EMP,PC,MT,2019,9.5,Malta
A,EMP,PC,MT,2020,12.6,Malta
A,EMP,PC,MT,2021,12.0,Malta
A,EMP,PC,MT,2022,19.0,Malta
A,EMP,PC,MT,2023,14.4,Malta
A,EMP,PC,MT,2024,14.3,Malta
A,EMP,PC,MT,2025,12.5,Malta
A,EMP,PC,NL,2010,9.0,Netherlands
A,EMP,PC,NL,2011,9.1,Netherlands
A,EMP,PC,NL,2012,9.2,Netherlands
A,EMP,PC,NL,2013,10.8,Netherlands
A,EMP,PC,NL,2014,9.9,Netherlands
A,EMP,PC,NL,2015,8.8,Netherlands
A,EMP,PC,NL,2016,8.3,Netherlands
A,EMP,PC,NL,2017,7.2,Netherlands
A,EMP,PC,NL,2018,6.2,Netherlands
A,EMP,PC,NL,2019,6.1,Netherlands
A,EMP,PC,NL,2020,4.7,Netherlands
A,EMP,PC,NL,2021,3.4,Netherlands
A,EMP,PC,NL,2022,4.0,Netherlands
A,EMP,PC,NL,2023,5.0,Netherlands
A,EMP,PC,NL,2024,5.0,Netherlands
A,EMP,PC,NL,2025,4.3,Netherlands
A,EMP,PC,PL,2010,26.8,Poland
A,EMP,PC,PL,2011,25.0,Poland
A,EMP,PC,PL,2012,26.9,Poland
A,EMP,PC,PL,2013,25.4,Poland
A,EMP,PC,PL,2014,22.6,Poland
A,EMP,PC,PL,2015,23.0,Poland
A,EMP,PC,PL,2016,18.7,Poland
A,EMP,PC,PL,2017,16.9,Poland
A,EMP,PC,PL,2018,13.6,Poland
A,EMP,PC,PL,2019,11.0,Poland
A,EMP,PC,PL,2020,11.9,Poland
A,EMP,PC,PL,2021,10.2,Poland
A,EMP,PC,PL,2022,11.4,Poland
A,EMP,PC,PL,2023,11.9,Poland
A,EMP,PC,PL,2024,8.4,Poland
A,EMP,PC,PL,2025,7.4,Poland
A,EMP,PC,PT,2010,38.4,Portugal
A,EMP,PC,PT,2011,36.1,Portugal
A,EMP,PC,PT,2012,34.8,Portugal
A,EMP,PC,PT,2013,40.3,Portugal
A,EMP,PC,PT,2014,36.6,Portugal
A,EMP,PC,PT,2015,33.5,Portugal
A,EMP,PC,PT,2016,31.2,Portugal
A,EMP,PC,PT,2017,28.3,Portugal
A,EMP,PC,PT,2018,23.8,Portugal
A,EMP,PC,PT,2019,21.2,Portugal
A,EMP,PC,PT,2020,16.9,Portugal
A,EMP,PC,PT,2021,16.8,Portugal
A,EMP,PC,PT,2022,19.9,Portugal
A,EMP,PC,PT,2023,19.6,Portugal
A,EMP,PC,PT,2024,18.5,Portugal
A,EMP,PC,PT,2025,16.7,Portugal
A,EMP,PC,RO,2010,43.1,Romania
A,EMP,PC,RO,2011,43.0,Romania
A,EMP,PC,RO,2012,44.2,Romania
A,EMP,PC,RO,2013,45.3,Romania
A,EMP,PC,RO,2014,41.5,Romania
A,EMP,PC,RO,2015,38.8,Romania
A,EMP,PC,RO,2016,36.7,Romania
A,EMP,PC,RO,2017,30.6,Romania
A,EMP,PC,RO,2018,29.2,Romania
A,EMP,PC,RO,2019,25.8,Romania
A,EMP,PC,RO,2020,29.1,Romania
A,EMP,PC,RO,2021,22.7,Romania
A,EMP,PC,RO,2022,19.2,Romania
A,EMP,PC,RO,2023,22.3,Romania
A,EMP,PC,RO,2024,17.7,Romania
A,EMP,PC,RO,2025,17.7,Romania
A,EMP,PC,SE,2010,5.1,Sweden
A,EMP,PC,SE,2011,5.4,Sweden
A,EMP,PC,SE,2012,5.1,Sweden
A,EMP,PC,SE,2013,4.3,Sweden
A,EMP,PC,SE,2014,4.4,Sweden
A,EMP,PC,SE,2015,3.9,Sweden
A,EMP,PC,SE,2016,4.2,Sweden
A,EMP,PC,SE,2017,4.4,Sweden
A,EMP,PC,SE,2018,4.6,Sweden
A,EMP,PC,SE,2019,4.8,Sweden
A,EMP,PC,SE,2020,4.9,Sweden
A,EMP,PC,SE,2021,4.6,Sweden
A,EMP,PC,SE,2022,4.4,Sweden
A,EMP,PC,SE,2023,7.1,Sweden
A,EMP,PC,SE,2024,7.6,Sweden
A,EMP,PC,SE,2025,7.1,Sweden
A,EMP,PC,SI,2010,25.0,Slovenia
A,EMP,PC,SI,2011,25.6,Slovenia
A,EMP,PC,SI,2012,24.8,Slovenia
A,EMP,PC,SI,2013,29.4,Slovenia
A,EMP,PC,SI,2014,25.6,Slovenia
A,EMP,PC,SI,2015,24.2,Slovenia
A,EMP,PC,SI,2016,20.7,Slovenia
A,EMP,PC,SI,2017,18.0,Slovenia
A,EMP,PC,SI,2018,16.0,Slovenia
A,EMP,PC,SI,2019,13.0,Slovenia
A,EMP,PC,SI,2020,12.1,Slovenia
A,EMP,PC,SI,2021,8.4,Slovenia
A,EMP,PC,SI,2022,11.1,Slovenia
A,EMP,PC,SI,2023,10.8,Slovenia
A,EMP,PC,SI,2024,10.1,Slovenia
A,EMP,PC,SI,2025,11.4,Slovenia
A,EMP,PC,SK,2010,24.0,Slovakia
A,EMP,PC,SK,2011,23.0,Slovakia
A,EMP,PC,SK,2012,25.9,Slovakia
A,EMP,PC,SK,2013,29.7,Slovakia
A,EMP,PC,SK,2014,26.3,Slovakia
A,EMP,PC,SK,2015,25.4,Slovakia
A,EMP,PC,SK,2016,22.7,Slovakia
A,EMP,PC,SK,2017,19.6,Slovakia
A,EMP,PC,SK,2018,19.1,Slovakia
A,EMP,PC,SK,2019,21.6,Slovakia
A,EMP,PC,SK,2020,22.9,Slovakia
A,EMP,PC,SK,2021,20.1,Slovakia
A,EMP,PC,SK,2022,22.3,Slovakia
A,EMP,PC,SK,2023,23.5,Slovakia
A,EMP,PC,SK,2024,23.2,Slovakia
A,EMP,PC,SK,2025,17.5,Slovakia
A,NSAL,PC,AT,2010,8.5,Austria
A,NSAL,PC,AT,2011,7.6,Austria
A,NSAL,PC,AT,2012,7.1,Austria
A,NSAL,PC,AT,2013,9.1,Austria
A,NSAL,PC,AT,2014,8.1,Austria
A,NSAL,PC,AT,2015,8.3,Austria
A,NSAL,PC,AT,2016,11.5,Austria
A,NSAL,PC,AT,2017,9.4,Austria
A,NSAL,PC,AT,2018,9.3,Austria
A,NSAL,PC,AT,2019,9.7,Austria
A,NSAL,PC,AT,2020,7.5,Austria
A,NSAL,PC,AT,2021,5.3,Austria
A,NSAL,PC,AT,2022,7.7,Austria
A,NSAL,PC,AT,2023,10.6,Austria
A,NSAL,PC,AT,2024,6.8,Austria
A,NSAL,PC,AT,2025,8.9,Austria
A,NSAL,PC,BE,2010,12.6,Belgium
A,NSAL,PC,BE,2011,11.1,Belgium
A,NSAL,PC,BE,2012,10.2,Belgium
A,NSAL,PC,BE,2013,11.9,Belgium
A,NSAL,PC,BE,2014,10.3,Belgium
A,NSAL,PC,BE,2015,12.3,Belgium
A,NSAL,PC,BE,2016,10.5,Belgium
A,NSAL,PC,BE,2017,9.2,Belgium
A,NSAL,PC,BE,2018,11.6,Belgium
A,NSAL,PC,BE,2019,10.2,Belgium
A,NSAL,PC,BE,2020,9.2,Belgium
A,NSAL,PC,BE,2021,6.3,Belgium
A,NSAL,PC,BE,2022,10.4,Belgium
A,NSAL,PC,BE,2023,11.0,Belgium
A,NSAL,PC,BE,2024,9.4,Belgium
A,NSAL,PC,BE,2025,9.1,Belgium
A,NSAL,PC,BG,2010,43.9,Bulgaria
A,NSAL,PC,BG,2011,44.9,Bulgaria
A,NSAL,PC,BG,2012,47.6,Bulgaria
A,NSAL,PC,BG,2013,47.0,Bulgaria
A,NSAL,PC,BG,2014,41.5,Bulgaria
A,NSAL,PC,BG,2015,42.6,Bulgaria
A,NSAL,PC,BG,2016,39.6,Bulgaria
A,NSAL,PC,BG,2017,34.9,Bulgaria
A,NSAL,PC,BG,2018,32.2,Bulgaria
A,NSAL,PC,BG,2019,27.2,Bulgaria
A,NSAL,PC,BG,2020,22.6,Bulgaria
A,NSAL,PC,BG,2021,22.7,Bulgaria
A,NSAL,PC,BG,2022,23.9,Bulgaria
A,NSAL,PC,BG,2023,20.5,Bulgaria
A,NSAL,PC,BG,2024,27.1,Bulgaria
A,NSAL,PC,BG,2025,18.9,Bulgaria
A,NSAL,PC,CY,2010,51.2,Cyprus
A,NSAL,PC,CY,2011,53.4,Cyprus
A,NSAL,PC,CY,2012,54.6,Cyprus
A,NSAL,PC,CY,2013,58.4,Cyprus
A,NSAL,PC,CY,2014,65.3,Cyprus
A,NSAL,PC,CY,2015,59.6,Cyprus
A,NSAL,PC,CY,2016,58.3,Cyprus
A,NSAL,PC,CY,2017,39.2,Cyprus
A,NSAL,PC,CY,2018,45.8,Cyprus
A,NSAL,PC,CY,2019,28.6,Cyprus
A,NSAL,PC,CY,2020,22.2,Cyprus
A,NSAL,PC,CY,2021,20.5,Cyprus
A,NSAL,PC,CY,2022,28.9,Cyprus
A,NSAL,PC,CY,2023,20.3,Cyprus
A,NSAL,PC,CY,2024,12.1,Cyprus
A,NSAL,PC,CY,2025,12.3,Cyprus
A,NSAL,PC,CZ,2010,16.9,Czechia
A,NSAL,PC,CZ,2011,15.2,Czechia
A,NSAL,PC,CZ,2012,18.4,Czechia
A,NSAL,PC,CZ,2013,17.8,Czechia
A,NSAL,PC,CZ,2014,17.2,Czechia
A,NSAL,PC,CZ,2015,15.3,Czechia
A,NSAL,PC,CZ,2016,11.8,Czechia
A,NSAL,PC,CZ,2017,14.8,Czechia
A,NSAL,PC,CZ,2018,10.6,Czechia
A,NSAL,PC,CZ,2019,7.5,Czechia
A,NSAL,PC,CZ,2020,7.0,Czechia
A,NSAL,PC,CZ,2021,6.5,Czechia
A,NSAL,PC,CZ,2022,7.8,Czechia
A,NSAL,PC,CZ,2023,6.9,Czechia
A,NSAL,PC,CZ,2024,6.6,Czechia
A,NSAL,PC,CZ,2025,7.4,Czechia
A,NSAL,PC,DE,2010,7.3,Germany
A,NSAL,PC,DE,2011,6.9,Germany
A,NSAL,PC,DE,2012,5.7,Germany
A,NSAL,PC,DE,2013,5.9,Germany
A,NSAL,PC,DE,2014,6.3,Germany
A,NSAL,PC,DE,2015,4.6,Germany
A,NSAL,PC,DE,2016,4.6,Germany
A,NSAL,PC,DE,2017,3.8,Germany
A,NSAL,PC,DE,2018,4.7,Germany
A,NSAL,PC,DE,2019,4.5,Germany
A,NSAL,PC,DE,2020,3.4,Germany
A,NSAL,PC,DE,2021,4.6,Germany
A,NSAL,PC,DE,2022,4.9,Germany
A,NSAL,PC,DE,2023,5.6,Germany
A,NSAL,PC,DE,2024,4.5,Germany
A,NSAL,PC,DE,2025,4.7,Germany
A,NSAL,PC,DK,2010,4.2,Denmark
A,NSAL,PC,DK,2011,7.1,Denmark
A,NSAL,PC,DK,2012,8.1,Denmark
A,NSAL,PC,DK,2013,6.7,Denmark
A,NSAL,PC,DK,2014,7.1,Denmark
A,NSAL,PC,DK,2015,8.4,Denmark
A,NSAL,PC,DK,2016,12.2,Denmark
A,NSAL,PC,DK,2017,7.3,Denmark
A,NSAL,PC,DK,2018,12.7,Denmark
A,NSAL,PC,DK,2019,5.9,Denmark
A,NSAL,PC,DK,2020,7.7,Denmark
A,NSAL,PC,DK,2021,9.6,Denmark
A,NSAL,PC,DK,2022,9.6,Denmark
A,NSAL,PC,DK,2023,5.3,Denmark
A,NSAL,PC,DK,2024,12.5,Denmark
A,NSAL,PC,DK,2025,8.9,Denmark
A,NSAL,PC,EE,2010,16.9,Estonia
A,NSAL,PC,EE,2011,11.3,Estonia
A,NSAL,PC,EE,2012,12.2,Estonia
A,NSAL,PC,EE,2013,14.1,Estonia
A,NSAL,PC,EE,2014,7.2,Estonia
A,NSAL,PC,EE,2015,6.0,Estonia
A,NSAL,PC,EE,2016,5.4,Estonia
A,NSAL,PC,EE,2017,6.9,Estonia
A,NSAL,PC,EE,2018,8.5,Estonia
A,NSAL,PC,EE,2019,6.3,Estonia
A,NSAL,PC,EE,2020,4.0,Estonia
A,NSAL,PC,EE,2021,5.1,Estonia
A,NSAL,PC,EE,2022,4.7,Estonia
A,NSAL,PC,EE,2023,8.1,Estonia
A,NSAL,PC,EE,2024,4.5,Estonia
A,NSAL,PC,EE,2025,11.9,Estonia
A,NSAL,PC,EL,2010,55.6,Greece
A,NSAL,PC,EL,2011,60.2,Greece
A,NSAL,PC,EL,2012,69.1,Greece
A,NSAL,PC,EL,2013,76.0,Greece
A,NSAL,PC,EL,2014,74.9,Greece
A,NSAL,PC,EL,2015,76.1,Greece
A,NSAL,PC,EL,2016,76.5,Greece
A,NSAL,PC,EL,2017,76.8,Greece
A,NSAL,PC,EL,2018,72.0,Greece
A,NSAL,PC,EL,2019,68.2,Greece
A,NSAL,PC,EL,2020,67.4,Greece
A,NSAL,PC,EL,2021,69.2,Greece
A,NSAL,PC,EL,2022,61.6,Greece
A,NSAL,PC,EL,2023,60.1,Greece
A,NSAL,PC,EL,2024,62.2,Greece
A,NSAL,PC,EL,2025,60.9,Greece
A,NSAL,PC,ES,2010,27.2,Spain
A,NSAL,PC,ES,2011,18.8,Spain
A,NSAL,PC,ES,2012,25.5,Spain
A,NSAL,PC,ES,2013,30.0,Spain
A,NSAL,PC,ES,2014,30.4,Spain
A,NSAL,PC,ES,2015,27.7,Spain
A,NSAL,PC,ES,2016,27.0,Spain
A,NSAL,PC,ES,2017,19.8,Spain
A,NSAL,PC,ES,2018,18.7,Spain
A,NSAL,PC,ES,2019,12.6,Spain
A,NSAL,PC,ES,2020,15.2,Spain
A,NSAL,PC,ES,2021,13.4,Spain
A,NSAL,PC,ES,2022,13.8,Spain
A,NSAL,PC,ES,2023,14.4,Spain
A,NSAL,PC,ES,2024,14.0,Spain
A,NSAL,PC,ES,2025,13.6,Spain
A,NSAL,PC,EU27_2020,2010,26.3,European Union - 27 countries (from 2020)
A,NSAL,PC,EU27_2020,2011,25.3,European Union - 27 countries (from 2020)
A,NSAL,PC,EU27_2020,2012,27.0,European Union - 27 countries (from 2020)
A,NSAL,PC,EU27_2020,2013,28.4,European Union - 27 countries (from 2020)
A,NSAL,PC,EU27_2020,2014,27.0,European Union - 27 countries (from 2020)
A,NSAL,PC,EU27_2020,2015,25.8,European Union - 27 countries (from 2020)
A,NSAL,PC,EU27_2020,2016,23.0,European Union - 27 countries (from 2020)
A,NSAL,PC,EU27_2020,2017,20.1,European Union - 27 countries (from 2020)
A,NSAL,PC,EU27_2020,2018,19.1,European Union - 27 countries (from 2020)
A,NSAL,PC,EU27_2020,2019,15.6,European Union - 27 countries (from 2020)
A,NSAL,PC,EU27_2020,2020,16.5,European Union - 27 countries (from 2020)
A,NSAL,PC,EU27_2020,2021,15.1,European Union - 27 countries (from 2020)
A,NSAL,PC,EU27_2020,2022,14.6,European Union - 27 countries (from 2020)
A,NSAL,PC,EU27_2020,2023,15.0,European Union - 27 countries (from 2020)
A,NSAL,PC,EU27_2020,2024,13.5,European Union - 27 countries (from 2020)
A,NSAL,PC,EU27_2020,2025,13.8,European Union - 27 countries (from 2020)
A,NSAL,PC,FI,2010,4.6,Finland
A,NSAL,PC,FI,2011,4.2,Finland
A,NSAL,PC,FI,2012,5.1,Finland
A,NSAL,PC,FI,2013,4.9,Finland
A,NSAL,PC,FI,2014,6.0,Finland
A,NSAL,PC,FI,2015,5.3,Finland
A,NSAL,PC,FI,2016,5.1,Finland
A,NSAL,PC,FI,2017,5.4,Finland
A,NSAL,PC,FI,2018,4.1,Finland
A,NSAL,PC,FI,2019,4.9,Finland
A,NSAL,PC,FI,2020,5.2,Finland
A,NSAL,PC,FI,2021,3.9,Finland
A,NSAL,PC,FI,2022,4.2,Finland
A,NSAL,PC,FI,2023,5.5,Finland
A,NSAL,PC,FI,2024,7.5,Finland
A,NSAL,PC,FI,2025,6.0,Finland
A,NSAL,PC,FR,2010,17.6,France
A,NSAL,PC,FR,2011,16.6,France
A,NSAL,PC,FR,2012,16.3,France
A,NSAL,PC,FR,2013,15.9,France
A,NSAL,PC,FR,2014,18.8,France
A,NSAL,PC,FR,2015,16.1,France
A,NSAL,PC,FR,2016,15.1,France
A,NSAL,PC,FR,2017,13.6,France
A,NSAL,PC,FR,2018,14.8,France
A,NSAL,PC,FR,2019,10.9,France
A,NSAL,PC,FR,2020,11.1,France
A,NSAL,PC,FR,2021,10.2,France
A,NSAL,PC,FR,2022,11.8,France
A,NSAL,PC,FR,2023,15.1,France
A,NSAL,PC,FR,2024,15.7,France
A,NSAL,PC,FR,2025,15.5,France
A,NSAL,PC,HR,2010,39.6,Croatia
A,NSAL,PC,HR,2011,38.2,Croatia
A,NSAL,PC,HR,2012,41.1,Croatia
A,NSAL,PC,HR,2013,50.3,Croatia
A,NSAL,PC,HR,2014,45.3,Croatia
A,NSAL,PC,HR,2015,37.8,Croatia
A,NSAL,PC,HR,2016,35.5,Croatia
A,NSAL,PC,HR,2017,29.2,Croatia
A,NSAL,PC,HR,2018,30.2,Croatia
A,NSAL,PC,HR,2019,22.8,Croatia
A,NSAL,PC,HR,2020,19.1,Croatia
A,NSAL,PC,HR,2021,16.5,Croatia
A,NSAL,PC,HR,2022,13.8,Croatia
A,NSAL,PC,HR,2023,9.4,Croatia
A,NSAL,PC,HR,2024,7.9,Croatia
A,NSAL,PC,HR,2025,8.2,Croatia
A,NSAL,PC,HU,2010,34.2,Hungary
A,NSAL,PC,HU,2011,38.1,Hungary
A,NSAL,PC,HU,2012,32.7,Hungary
A,NSAL,PC,HU,2013,28.2,Hungary
A,NSAL,PC,HU,2014,26.4,Hungary
A,NSAL,PC,HU,2015,28.3,Hungary
A,NSAL,PC,HU,2016,18.9,Hungary
A,NSAL,PC,HU,2017,20.6,Hungary
A,NSAL,PC,HU,2018,14.4,Hungary
A,NSAL,PC,HU,2019,9.7,Hungary
A,NSAL,PC,HU,2020,13.1,Hungary
A,NSAL,PC,HU,2021,7.2,Hungary
A,NSAL,PC,HU,2022,6.6,Hungary
A,NSAL,PC,HU,2023,9.6,Hungary
A,NSAL,PC,HU,2024,8.3,Hungary
A,NSAL,PC,HU,2025,8.2,Hungary
A,NSAL,PC,IE,2010,23.3,Ireland
A,NSAL,PC,IE,2011,18.3,Ireland
A,NSAL,PC,IE,2012,23.6,Ireland
A,NSAL,PC,IE,2013,25.2,Ireland
A,NSAL,PC,IE,2014,25.6,Ireland
A,NSAL,PC,IE,2015,22.1,Ireland
A,NSAL,PC,IE,2016,17.1,Ireland
A,NSAL,PC,IE,2017,13.4,Ireland
A,NSAL,PC,IE,2018,12.5,Ireland
A,NSAL,PC,IE,2019,12.4,Ireland
A,NSAL,PC,IE,2020,9.3,Ireland
A,NSAL,PC,IE,2021,7.3,Ireland
A,NSAL,PC,IE,2022,10.1,Ireland
A,NSAL,PC,IE,2023,7.3,Ireland
A,NSAL,PC,IE,2024,9.3,Ireland
A,NSAL,PC,IE,2025,9.2,Ireland
A,NSAL,PC,IT,2010,25.6,Italy
A,NSAL,PC,IT,2011,28.0,Italy
A,NSAL,PC,IT,2012,29.8,Italy
A,NSAL,PC,IT,2013,32.1,Italy
A,NSAL,PC,IT,2014,30.4,Italy
A,NSAL,PC,IT,2015,29.2,Italy
A,NSAL,PC,IT,2016,22.9,Italy
A,NSAL,PC,IT,2017,17.7,Italy
A,NSAL,PC,IT,2018,19.0,Italy
A,NSAL,PC,IT,2019,13.5,Italy
A,NSAL,PC,IT,2020,15.0,Italy
A,NSAL,PC,IT,2021,14.6,Italy
A,NSAL,PC,IT,2022,12.5,Italy
A,NSAL,PC,IT,2023,11.0,Italy
A,NSAL,PC,IT,2024,11.3,Italy
A,NSAL,PC,IT,2025,14.2,Italy
A,NSAL,PC,LT,2010,23.2,Lithuania
A,NSAL,PC,LT,2011,19.6,Lithuania
A,NSAL,PC,LT,2012,22.4,Lithuania
A,NSAL,PC,LT,2013,14.8,Lithuania
A,NSAL,PC,LT,2014,13.4,Lithuania
A,NSAL,PC,LT,2015,14.8,Lithuania
A,NSAL,PC,LT,2016,21.1,Lithuania
A,NSAL,PC,LT,2017,16.8,Lithuania
A,NSAL,PC,LT,2018,15.0,Lithuania
A,NSAL,PC,LT,2019,11.9,Lithuania
A,NSAL,PC,LT,2020,6.5,Lithuania
A,NSAL,PC,LT,2021,7.5,Lithuania
A,NSAL,PC,LT,2022,6.3,Lithuania
A,NSAL,PC,LT,2023,6.8,Lithuania
A,NSAL,PC,LT,2024,4.9,Lithuania
A,NSAL,PC,LT,2025,5.6,Lithuania
A,NSAL,PC,LU,2010,2.8,Luxembourg
A,NSAL,PC,LU,2011,2.1,Luxembourg
A,NSAL,PC,LU,2012,4.5,Luxembourg
A,NSAL,PC,LU,2013,5.8,Luxembourg
A,NSAL,PC,LU,2014,7.0,Luxembourg
A,NSAL,PC,LU,2015,7.0,Luxembourg
A,NSAL,PC,LU,2016,3.1,Luxembourg
A,NSAL,PC,LU,2017,7.9,Luxembourg
A,NSAL,PC,LU,2018,5.6,Luxembourg
A,NSAL,PC,LU,2019,5.1,Luxembourg
A,NSAL,PC,LU,2020,12.4,Luxembourg
A,NSAL,PC,LU,2021,7.9,Luxembourg
A,NSAL,PC,LU,2022,3.2,Luxembourg
A,NSAL,PC,LU,2023,6.7,Luxembourg
A,NSAL,PC,LU,2024,4.6,Luxembourg
A,NSAL,PC,LU,2025,4.4,Luxembourg
A,NSAL,PC,LV,2010,45.0,Latvia
A,NSAL,PC,LV,2011,37.2,Latvia
A,NSAL,PC,LV,2012,35.5,Latvia
A,NSAL,PC,LV,2013,44.5,Latvia
A,NSAL,PC,LV,2014,34.1,Latvia
A,NSAL,PC,LV,2015,30.6,Latvia
A,NSAL,PC,LV,2016,30.1,Latvia
A,NSAL,PC,LV,2017,30.5,Latvia
A,NSAL,PC,LV,2018,23.6,Latvia
A,NSAL,PC,LV,2019,19.6,Latvia
A,NSAL,PC,LV,2020,20.0,Latvia
A,NSAL,PC,LV,2021,15.0,Latvia
A,NSAL,PC,LV,2022,14.0,Latvia
A,NSAL,PC,LV,2023,20.0,Latvia
A,NSAL,PC,LV,2024,17.8,Latvia
A,NSAL,PC,LV,2025,16.1,Latvia
A,NSAL,PC,MT,2010,43.2,Malta
A,NSAL,PC,MT,2011,29.8,Malta
A,NSAL,PC,MT,2012,31.6,Malta
A,NSAL,PC,MT,2013,27.9,Malta
A,NSAL,PC,MT,2014,23.3,Malta
A,NSAL,PC,MT,2015,15.7,Malta
A,NSAL,PC,MT,2016,12.6,Malta
A,NSAL,PC,MT,2017,9.1,Malta
A,NSAL,PC,MT,2018,5.9,Malta
A,NSAL,PC,MT,2019,5.1,Malta
A,NSAL,PC,MT,2020,8.7,Malta
A,NSAL,PC,MT,2021,10.1,Malta
A,NSAL,PC,MT,2022,16.7,Malta
A,NSAL,PC,MT,2023,10.0,Malta
A,NSAL,PC,MT,2024,10.1,Malta
A,NSAL,PC,MT,2025,10.8,Malta
A,NSAL,PC,NL,2010,10.3,Netherlands
A,NSAL,PC,NL,2011,9.5,Netherlands
A,NSAL,PC,NL,2012,10.0,Netherlands
A,NSAL,PC,NL,2013,13.5,Netherlands
A,NSAL,PC,NL,2014,10.3,Netherlands
A,NSAL,PC,NL,2015,11.3,Netherlands
A,NSAL,PC,NL,2016,11.3,Netherlands
A,NSAL,PC,NL,2017,11.7,Netherlands
A,NSAL,PC,NL,2018,7.7,Netherlands
A,NSAL,PC,NL,2019,8.0,Netherlands
A,NSAL,PC,NL,2020,6.8,Netherlands
A,NSAL,PC,NL,2021,4.6,Netherlands
A,NSAL,PC,NL,2022,5.5,Netherlands
A,NSAL,PC,NL,2023,4.8,Netherlands
A,NSAL,PC,NL,2024,5.3,Netherlands
A,NSAL,PC,NL,2025,6.1,Netherlands
A,NSAL,PC,PL,2010,26.6,Poland
A,NSAL,PC,PL,2011,22.9,Poland
A,NSAL,PC,PL,2012,26.6,Poland
A,NSAL,PC,PL,2013,23.1,Poland
A,NSAL,PC,PL,2014,20.8,Poland
A,NSAL,PC,PL,2015,21.2,Poland
A,NSAL,PC,PL,2016,17.5,Poland
A,NSAL,PC,PL,2017,16.4,Poland
A,NSAL,PC,PL,2018,14.1,Poland
A,NSAL,PC,PL,2019,10.1,Poland
A,NSAL,PC,PL,2020,11.4,Poland
A,NSAL,PC,PL,2021,9.5,Poland
A,NSAL,PC,PL,2022,11.3,Poland
A,NSAL,PC,PL,2023,12.6,Poland
A,NSAL,PC,PL,2024,8.6,Poland
A,NSAL,PC,PL,2025,7.5,Poland
A,NSAL,PC,PT,2010,36.6,Portugal
A,NSAL,PC,PT,2011,37.8,Portugal
A,NSAL,PC,PT,2012,32.5,Portugal
A,NSAL,PC,PT,2013,40.1,Portugal
A,NSAL,PC,PT,2014,35.9,Portugal
A,NSAL,PC,PT,2015,33.4,Portugal
A,NSAL,PC,PT,2016,30.5,Portugal
A,NSAL,PC,PT,2017,28.1,Portugal
A,NSAL,PC,PT,2018,21.5,Portugal
A,NSAL,PC,PT,2019,18.1,Portugal
A,NSAL,PC,PT,2020,14.6,Portugal
A,NSAL,PC,PT,2021,17.6,Portugal
A,NSAL,PC,PT,2022,18.5,Portugal
A,NSAL,PC,PT,2023,16.2,Portugal
A,NSAL,PC,PT,2024,15.9,Portugal
A,NSAL,PC,PT,2025,15.2,Portugal
A,NSAL,PC,RO,2010,56.0,Romania
A,NSAL,PC,RO,2011,57.0,Romania
A,NSAL,PC,RO,2012,58.0,Romania
A,NSAL,PC,RO,2013,59.9,Romania
A,NSAL,PC,RO,2014,55.3,Romania
A,NSAL,PC,RO,2015,55.0,Romania
A,NSAL,PC,RO,2016,50.5,Romania
A,NSAL,PC,RO,2017,45.9,Romania
A,NSAL,PC,RO,2018,43.0,Romania
A,NSAL,PC,RO,2019,39.8,Romania
A,NSAL,PC,RO,2020,46.8,Romania
A,NSAL,PC,RO,2021,42.8,Romania
A,NSAL,PC,RO,2022,38.7,Romania
A,NSAL,PC,RO,2023,41.9,Romania
A,NSAL,PC,RO,2024,34.0,Romania
A,NSAL,PC,RO,2025,32.0,Romania
A,NSAL,PC,SE,2010,3.2,Sweden
A,NSAL,PC,SE,2011,7.8,Sweden
A,NSAL,PC,SE,2012,6.5,Sweden
A,NSAL,PC,SE,2013,1.7,Sweden
A,NSAL,PC,SE,2014,5.8,Sweden
A,NSAL,PC,SE,2015,4.9,Sweden
A,NSAL,PC,SE,2016,4.4,Sweden
A,NSAL,PC,SE,2017,5.5,Sweden
A,NSAL,PC,SE,2018,4.1,Sweden
A,NSAL,PC,SE,2019,2.8,Sweden
A,NSAL,PC,SE,2020,4.1,Sweden
A,NSAL,PC,SE,2021,5.1,Sweden
A,NSAL,PC,SE,2022,2.9,Sweden
A,NSAL,PC,SE,2023,4.5,Sweden
A,NSAL,PC,SE,2024,5.2,Sweden
A,NSAL,PC,SE,2025,5.8,Sweden
A,NSAL,PC,SI,2010,19.6,Slovenia
A,NSAL,PC,SI,2011,21.9,Slovenia
A,NSAL,PC,SI,2012,23.8,Slovenia
A,NSAL,PC,SI,2013,25.2,Slovenia
A,NSAL,PC,SI,2014,25.3,Slovenia
A,NSAL,PC,SI,2015,23.1,Slovenia
A,NSAL,PC,SI,2016,18.8,Slovenia
A,NSAL,PC,SI,2017,16.9,Slovenia
A,NSAL,PC,SI,2018,14.1,Slovenia
A,NSAL,PC,SI,2019,10.8,Slovenia
A,NSAL,PC,SI,2020,9.3,Slovenia
A,NSAL,PC,SI,2021,9.6,Slovenia
A,NSAL,PC,SI,2022,10.6,Slovenia
A,NSAL,PC,SI,2023,9.9,Slovenia
A,NSAL,PC,SI,2024,8.7,Slovenia
A,NSAL,PC,SI,2025,10.0,Slovenia
A,NSAL,PC,SK,2010,17.6,Slovakia
A,NSAL,PC,SK,2011,19.8,Slovakia
A,NSAL,PC,SK,2012,21.5,Slovakia
A,NSAL,PC,SK,2013,25.2,Slovakia
A,NSAL,PC,SK,2014,22.6,Slovakia
A,NSAL,PC,SK,2015,18.1,Slovakia
A,NSAL,PC,SK,2016,16.7,Slovakia
A,NSAL,PC,SK,2017,14.1,Slovakia
A,NSAL,PC,SK,2018,14.3,Slovakia
A,NSAL,PC,SK,2019,16.2,Slovakia
A,NSAL,PC,SK,2020,17.9,Slovakia
A,NSAL,PC,SK,2021,18.8,Slovakia
A,NSAL,PC,SK,2022,21.7,Slovakia
A,NSAL,PC,SK,2023,21.3,Slovakia
A,NSAL,PC,SK,2024,21.3,Slovakia
A,NSAL,PC,SK,2025,17.0,Slovakia
A,POP,PC,AT,2010,13.6,Austria
A,POP,PC,AT,2011,13.6,Austria
A,POP,PC,AT,2012,13.0,Austria
A,POP,PC,AT,2013,12.8,Austria
A,POP,PC,AT,2014,13.5,Austria
A,POP,PC,AT,2015,12.8,Austria
A,POP,PC,AT,2016,11.9,Austria
A,POP,PC,AT,2017,11.0,Austria
A,POP,PC,AT,2018,10.5,Austria
A,POP,PC,AT,2019,10.4,Austria
A,POP,PC,AT,2020,8.8,Austria
A,POP,PC,AT,2021,8.9,Austria
A,POP,PC,AT,2022,11.2,Austria
A,POP,PC,AT,2023,13.0,Austria
A,POP,PC,AT,2024,12.6,Austria
A,POP,PC,AT,2025,11.3,Austria
A,POP,PC,BE,2010,19.7,Belgium
A,POP,PC,BE,2011,19.5,Belgium
A,POP,PC,BE,2012,20.6,Belgium
A,POP,PC,BE,2013,19.8,Belgium
A,POP,PC,BE,2014,19.0,Belgium
A,POP,PC,BE,2015,19.2,Belgium
A,POP,PC,BE,2016,20.4,Belgium
A,POP,PC,BE,2017,19.7,Belgium
A,POP,PC,BE,2018,17.7,Belgium
A,POP,PC,BE,2019,18.1,Belgium
A,POP,PC,BE,2020,16.3,Belgium
A,POP,PC,BE,2021,14.9,Belgium
A,POP,PC,BE,2022,16.1,Belgium
A,POP,PC,BE,2023,15.2,Belgium
A,POP,PC,BE,2024,16.3,Belgium
A,POP,PC,BE,2025,14.5,Belgium
A,POP,PC,BG,2010,64.8,Bulgaria
A,POP,PC,BG,2011,61.8,Bulgaria
A,POP,PC,BG,2012,65.5,Bulgaria
A,POP,PC,BG,2013,64.0,Bulgaria
A,POP,PC,BG,2014,62.3,Bulgaria
A,POP,PC,BG,2015,63.0,Bulgaria
A,POP,PC,BG,2016,60.8,Bulgaria
A,POP,PC,BG,2017,57.7,Bulgaria
A,POP,PC,BG,2018,55.3,Bulgaria
A,POP,PC,BG,2019,49.7,Bulgaria
A,POP,PC,BG,2020,43.3,Bulgaria
A,POP,PC,BG,2021,37.2,Bulgaria
A,POP,PC,BG,2022,40.2,Bulgaria
A,POP,PC,BG,2023,32.8,Bulgaria
A,POP,PC,BG,2024,36.7,Bulgaria
A,POP,PC,BG,2025,35.5,Bulgaria
A,POP,PC,CY,2010,51.2,Cyprus
A,POP,PC,CY,2011,52.2,Cyprus
A,POP,PC,CY,2012,48.3,Cyprus
A,POP,PC,CY,2013,57.5,Cyprus
A,POP,PC,CY,2014,59.0,Cyprus
A,POP,PC,CY,2015,56.7,Cyprus
A,POP,PC,CY,2016,58.1,Cyprus
A,POP,PC,CY,2017,42.1,Cyprus
A,POP,PC,CY,2018,44.5,Cyprus
A,POP,PC,CY,2019,34.4,Cyprus
A,POP,PC,CY,2020,25.4,Cyprus
A,POP,PC,CY,2021,24.3,Cyprus
A,POP,PC,CY,2022,27.7,Cyprus
A,POP,PC,CY,2023,22.7,Cyprus
A,POP,PC,CY,2024,19.9,Cyprus
A,POP,PC,CY,2025,17.5,Cyprus
A,POP,PC,CZ,2010,26.3,Czechia
A,POP,PC,CZ,2011,26.9,Czechia
A,POP,PC,CZ,2012,29.9,Czechia
A,POP,PC,CZ,2013,30.8,Czechia
A,POP,PC,CZ,2014,29.5,Czechia
A,POP,PC,CZ,2015,25.2,Czechia
A,POP,PC,CZ,2016,22.2,Czechia
A,POP,PC,CZ,2017,21.4,Czechia
A,POP,PC,CZ,2018,15.7,Czechia
A,POP,PC,CZ,2019,12.5,Czechia
A,POP,PC,CZ,2020,11.5,Czechia
A,POP,PC,CZ,2021,10.5,Czechia
A,POP,PC,CZ,2022,11.5,Czechia
A,POP,PC,CZ,2023,12.3,Czechia
A,POP,PC,CZ,2024,12.8,Czechia
A,POP,PC,CZ,2025,12.4,Czechia
A,POP,PC,DE,2010,8.6,Germany
A,POP,PC,DE,2011,9.1,Germany
A,POP,PC,DE,2012,9.0,Germany
A,POP,PC,DE,2013,8.9,Germany
A,POP,PC,DE,2014,8.3,Germany
A,POP,PC,DE,2015,7.5,Germany
A,POP,PC,DE,2016,6.7,Germany
A,POP,PC,DE,2017,6.0,Germany
A,POP,PC,DE,2018,5.7,Germany
A,POP,PC,DE,2019,5.2,Germany
A,POP,PC,DE,2020,5.4,Germany
A,POP,PC,DE,2021,6.5,Germany
A,POP,PC,DE,2022,8.1,Germany
A,POP,PC,DE,2023,9.4,Germany
A,POP,PC,DE,2024,7.1,Germany
A,POP,PC,DE,2025,7.3,Germany
A,POP,PC,DK,2010,7.5,Denmark
A,POP,PC,DK,2011,8.3,Denmark
A,POP,PC,DK,2012,9.5,Denmark
A,POP,PC,DK,2013,10.6,Denmark
A,POP,PC,DK,2014,10.9,Denmark
A,POP,PC,DK,2015,9.9,Denmark
A,POP,PC,DK,2016,9.3,Denmark
A,POP,PC,DK,2017,9.0,Denmark
A,POP,PC,DK,2018,8.6,Denmark
A,POP,PC,DK,2019,8.9,Denmark
A,POP,PC,DK,2020,8.1,Denmark
A,POP,PC,DK,2021,7.4,Denmark
A,POP,PC,DK,2022,8.8,Denmark
A,POP,PC,DK,2023,12.3,Denmark
A,POP,PC,DK,2024,11.8,Denmark
A,POP,PC,DK,2025,11.3,Denmark
A,POP,PC,EE,2010,24.6,Estonia
A,POP,PC,EE,2011,24.0,Estonia
A,POP,PC,EE,2012,24.1,Estonia
A,POP,PC,EE,2013,23.3,Estonia
A,POP,PC,EE,2014,19.9,Estonia
A,POP,PC,EE,2015,16.2,Estonia
A,POP,PC,EE,2016,15.7,Estonia
A,POP,PC,EE,2017,14.6,Estonia
A,POP,PC,EE,2018,14.0,Estonia
A,POP,PC,EE,2019,11.3,Estonia
A,POP,PC,EE,2020,9.2,Estonia
A,POP,PC,EE,2021,8.2,Estonia
A,POP,PC,EE,2022,10.2,Estonia
A,POP,PC,EE,2023,11.9,Estonia
A,POP,PC,EE,2024,9.9,Estonia
A,POP,PC,EE,2025,12.8,Estonia
A,POP,PC,EL,2010,58.1,Greece
A,POP,PC,EL,2011,61.9,Greece
A,POP,PC,EL,2012,72.7,Greece
A,POP,PC,EL,2013,77.5,Greece
A,POP,PC,EL,2014,77.9,Greece
A,POP,PC,EL,2015,76.9,Greece
A,POP,PC,EL,2016,76.4,Greece
A,POP,PC,EL,2017,76.7,Greece
A,POP,PC,EL,2018,73.5,Greece
A,POP,PC,EL,2019,69.9,Greece
A,POP,PC,EL,2020,69.4,Greece
A,POP,PC,EL,2021,70.3,Greece
A,POP,PC,EL,2022,68.1,Greece
A,POP,PC,EL,2023,67.1,Greece
A,POP,PC,EL,2024,66.6,Greece
A,POP,PC,EL,2025,66.7,Greece
A,POP,PC,ES,2010,32.1,Spain
A,POP,PC,ES,2011,28.0,Spain
A,POP,PC,ES,2012,33.5,Spain
A,POP,PC,ES,2013,37.4,Spain
A,POP,PC,ES,2014,37.8,Spain
A,POP,PC,ES,2015,34.2,Spain
A,POP,PC,ES,2016,34.4,Spain
A,POP,PC,ES,2017,24.5,Spain
A,POP,PC,ES,2018,26.4,Spain
A,POP,PC,ES,2019,20.9,Spain
A,POP,PC,ES,2020,21.9,Spain
A,POP,PC,ES,2021,20.5,Spain
A,POP,PC,ES,2022,21.1,Spain
A,POP,PC,ES,2023,21.3,Spain
A,POP,PC,ES,2024,20.8,Spain
A,POP,PC,ES,2025,19.7,Spain
A,POP,PC,EU27_2020,2010,27.0,European Union - 27 countries (from 2020)
A,POP,PC,EU27_2020,2011,26.4,European Union - 27 countries (from 2020)
A,POP,PC,EU27_2020,2012,27.8,European Union - 27 countries (from 2020)
A,POP,PC,EU27_2020,2013,29.0,European Union - 27 countries (from 2020)
A,POP,PC,EU27_2020,2014,28.1,European Union - 27 countries (from 2020)
A,POP,PC,EU27_2020,2015,26.3,European Union - 27 countries (from 2020)
A,POP,PC,EU27_2020,2016,24.6,European Union - 27 countries (from 2020)
A,POP,PC,EU27_2020,2017,21.6,European Union - 27 countries (from 2020)
A,POP,PC,EU27_2020,2018,21.0,European Union - 27 countries (from 2020)
A,POP,PC,EU27_2020,2019,18.1,European Union - 27 countries (from 2020)
A,POP,PC,EU27_2020,2020,19.3,European Union - 27 countries (from 2020)
A,POP,PC,EU27_2020,2021,17.8,European Union - 27 countries (from 2020)
A,POP,PC,EU27_2020,2022,18.4,European Union - 27 countries (from 2020)
A,POP,PC,EU27_2020,2023,18.5,European Union - 27 countries (from 2020)
A,POP,PC,EU27_2020,2024,16.7,European Union - 27 countries (from 2020)
A,POP,PC,EU27_2020,2025,16.9,European Union - 27 countries (from 2020)
A,POP,PC,FI,2010,6.4,Finland
A,POP,PC,FI,2011,7.1,Finland
A,POP,PC,FI,2012,6.6,Finland
A,POP,PC,FI,2013,6.5,Finland
A,POP,PC,FI,2014,6.7,Finland
A,POP,PC,FI,2015,6.4,Finland
A,POP,PC,FI,2016,6.4,Finland
A,POP,PC,FI,2017,6.3,Finland
A,POP,PC,FI,2018,5.9,Finland
A,POP,PC,FI,2019,6.0,Finland
A,POP,PC,FI,2020,6.4,Finland
A,POP,PC,FI,2021,5.7,Finland
A,POP,PC,FI,2022,6.0,Finland
A,POP,PC,FI,2023,7.1,Finland
A,POP,PC,FI,2024,8.2,Finland
A,POP,PC,FI,2025,8.6,Finland
A,POP,PC,FR,2010,18.4,France
A,POP,PC,FR,2011,17.4,France
A,POP,PC,FR,2012,17.5,France
A,POP,PC,FR,2013,18.9,France
A,POP,PC,FR,2014,19.1,France
A,POP,PC,FR,2015,17.9,France
A,POP,PC,FR,2016,17.4,France
A,POP,PC,FR,2017,16.5,France
A,POP,PC,FR,2018,16.5,France
A,POP,PC,FR,2019,15.8,France
A,POP,PC,FR,2020,17.3,France
A,POP,PC,FR,2021,15.2,France
A,POP,PC,FR,2022,19.7,France
A,POP,PC,FR,2023,20.2,France
A,POP,PC,FR,2024,19.8,France
A,POP,PC,FR,2025,19.7,France
A,POP,PC,HR,2010,52.5,Croatia
A,POP,PC,HR,2011,51.8,Croatia
A,POP,PC,HR,2012,55.3,Croatia
A,POP,PC,HR,2013,62.1,Croatia
A,POP,PC,HR,2014,60.2,Croatia
A,POP,PC,HR,2015,54.4,Croatia
A,POP,PC,HR,2016,51.4,Croatia
A,POP,PC,HR,2017,44.3,Croatia
A,POP,PC,HR,2018,43.3,Croatia
A,POP,PC,HR,2019,36.2,Croatia
A,POP,PC,HR,2020,34.1,Croatia
A,POP,PC,HR,2021,27.6,Croatia
A,POP,PC,HR,2022,27.4,Croatia
A,POP,PC,HR,2023,22.5,Croatia
A,POP,PC,HR,2024,20.8,Croatia
A,POP,PC,HR,2025,20.2,Croatia
A,POP,PC,HU,2010,55.0,Hungary
A,POP,PC,HU,2011,56.0,Hungary
A,POP,PC,HU,2012,56.4,Hungary
A,POP,PC,HU,2013,53.2,Hungary
A,POP,PC,HU,2014,47.9,Hungary
A,POP,PC,HU,2015,44.9,Hungary
A,POP,PC,HU,2016,41.2,Hungary
A,POP,PC,HU,2017,39.5,Hungary
A,POP,PC,HU,2018,33.3,Hungary
A,POP,PC,HU,2019,26.5,Hungary
A,POP,PC,HU,2020,26.3,Hungary
A,POP,PC,HU,2021,25.2,Hungary
A,POP,PC,HU,2022,21.1,Hungary
A,POP,PC,HU,2023,21.6,Hungary
A,POP,PC,HU,2024,18.8,Hungary
A,POP,PC,HU,2025,19.4,Hungary
A,POP,PC,IE,2010,29.4,Ireland
A,POP,PC,IE,2011,28.7,Ireland
A,POP,PC,IE,2012,31.6,Ireland
A,POP,PC,IE,2013,33.9,Ireland
A,POP,PC,IE,2014,34.0,Ireland
A,POP,PC,IE,2015,30.0,Ireland
A,POP,PC,IE,2016,25.3,Ireland
A,POP,PC,IE,2017,22.0,Ireland
A,POP,PC,IE,2018,18.8,Ireland
A,POP,PC,IE,2019,16.5,Ireland
A,POP,PC,IE,2020,15.1,Ireland
A,POP,PC,IE,2021,14.2,Ireland
A,POP,PC,IE,2022,16.9,Ireland
A,POP,PC,IE,2023,15.9,Ireland
A,POP,PC,IE,2024,14.7,Ireland
A,POP,PC,IE,2025,14.2,Ireland
A,POP,PC,IT,2010,36.6,Italy
A,POP,PC,IT,2011,37.1,Italy
A,POP,PC,IT,2012,39.0,Italy
A,POP,PC,IT,2013,40.4,Italy
A,POP,PC,IT,2014,39.2,Italy
A,POP,PC,IT,2015,37.2,Italy
A,POP,PC,IT,2016,32.6,Italy
A,POP,PC,IT,2017,27.4,Italy
A,POP,PC,IT,2018,30.0,Italy
A,POP,PC,IT,2019,22.4,Italy
A,POP,PC,IT,2020,23.0,Italy
A,POP,PC,IT,2021,23.5,Italy
A,POP,PC,IT,2022,21.9,Italy
A,POP,PC,IT,2023,18.0,Italy
A,POP,PC,IT,2024,17.9,Italy
A,POP,PC,IT,2025,21.7,Italy
A,POP,PC,LT,2010,38.3,Lithuania
A,POP,PC,LT,2011,35.5,Lithuania
A,POP,PC,LT,2012,37.3,Lithuania
A,POP,PC,LT,2013,32.6,Lithuania
A,POP,PC,LT,2014,29.5,Lithuania
A,POP,PC,LT,2015,29.3,Lithuania
A,POP,PC,LT,2016,29.9,Lithuania
A,POP,PC,LT,2017,28.5,Lithuania
A,POP,PC,LT,2018,23.7,Lithuania
A,POP,PC,LT,2019,19.5,Lithuania
A,POP,PC,LT,2020,15.5,Lithuania
A,POP,PC,LT,2021,13.2,Lithuania
A,POP,PC,LT,2022,13.1,Lithuania
A,POP,PC,LT,2023,13.7,Lithuania
A,POP,PC,LT,2024,12.3,Lithuania
A,POP,PC,LT,2025,12.4,Lithuania
A,POP,PC,LU,2010,7.4,Luxembourg
A,POP,PC,LU,2011,8.4,Luxembourg
A,POP,PC,LU,2012,9.2,Luxembourg
A,POP,PC,LU,2013,12.1,Luxembourg
A,POP,PC,LU,2014,10.8,Luxembourg
A,POP,PC,LU,2015,11.1,Luxembourg
A,POP,PC,LU,2016,11.5,Luxembourg
A,POP,PC,LU,2017,11.7,Luxembourg
A,POP,PC,LU,2018,11.9,Luxembourg
A,POP,PC,LU,2019,9.7,Luxembourg
A,POP,PC,LU,2020,11.5,Luxembourg
A,POP,PC,LU,2021,9.1,Luxembourg
A,POP,PC,LU,2022,5.2,Luxembourg
A,POP,PC,LU,2023,6.1,Luxembourg
A,POP,PC,LU,2024,8.0,Luxembourg
A,POP,PC,LU,2025,6.4,Luxembourg
A,POP,PC,LV,2010,55.1,Latvia
A,POP,PC,LV,2011,56.5,Latvia
A,POP,PC,LV,2012,51.1,Latvia
A,POP,PC,LV,2013,54.7,Latvia
A,POP,PC,LV,2014,48.7,Latvia
A,POP,PC,LV,2015,42.6,Latvia
A,POP,PC,LV,2016,39.3,Latvia
A,POP,PC,LV,2017,41.0,Latvia
A,POP,PC,LV,2018,33.3,Latvia
A,POP,PC,LV,2019,25.7,Latvia
A,POP,PC,LV,2020,24.9,Latvia
A,POP,PC,LV,2021,20.9,Latvia
A,POP,PC,LV,2022,24.8,Latvia
A,POP,PC,LV,2023,25.0,Latvia
A,POP,PC,LV,2024,24.5,Latvia
A,POP,PC,LV,2025,21.2,Latvia
A,POP,PC,MT,2010,45.8,Malta
A,POP,PC,MT,2011,36.7,Malta
A,POP,PC,MT,2012,40.8,Malta
A,POP,PC,MT,2013,35.8,Malta
A,POP,PC,MT,2014,31.2,Malta
A,POP,PC,MT,2015,20.9,Malta
A,POP,PC,MT,2016,18.8,Malta
A,POP,PC,MT,2017,15.1,Malta
A,POP,PC,MT,2018,13.4,Malta
A,POP,PC,MT,2019,12.1,Malta
A,POP,PC,MT,2020,15.2,Malta
A,POP,PC,MT,2021,15.1,Malta
A,POP,PC,MT,2022,20.8,Malta
A,POP,PC,MT,2023,15.8,Malta
A,POP,PC,MT,2024,16.2,Malta
A,POP,PC,MT,2025,14.1,Malta
A,POP,PC,NL,2010,11.8,Netherlands
A,POP,PC,NL,2011,12.1,Netherlands
A,POP,PC,NL,2012,11.9,Netherlands
A,POP,PC,NL,2013,15.0,Netherlands
A,POP,PC,NL,2014,14.4,Netherlands
A,POP,PC,NL,2015,12.8,Netherlands
A,POP,PC,NL,2016,12.5,Netherlands
A,POP,PC,NL,2017,11.6,Netherlands
A,POP,PC,NL,2018,10.2,Netherlands
A,POP,PC,NL,2019,10.0,Netherlands
A,POP,PC,NL,2020,7.7,Netherlands
A,POP,PC,NL,2021,5.7,Netherlands
A,POP,PC,NL,2022,7.0,Netherlands
A,POP,PC,NL,2023,7.4,Netherlands
A,POP,PC,NL,2024,6.9,Netherlands
A,POP,PC,NL,2025,7.0,Netherlands
A,POP,PC,PL,2010,34.6,Poland
A,POP,PC,PL,2011,32.2,Poland
A,POP,PC,PL,2012,33.8,Poland
A,POP,PC,PL,2013,32.1,Poland
A,POP,PC,PL,2014,29.4,Poland
A,POP,PC,PL,2015,29.1,Poland
A,POP,PC,PL,2016,24.9,Poland
A,POP,PC,PL,2017,23.0,Poland
A,POP,PC,PL,2018,19.4,Poland
A,POP,PC,PL,2019,16.4,Poland
A,POP,PC,PL,2020,16.6,Poland
A,POP,PC,PL,2021,14.6,Poland
A,POP,PC,PL,2022,15.5,Poland
A,POP,PC,PL,2023,15.7,Poland
A,POP,PC,PL,2024,11.9,Poland
A,POP,PC,PL,2025,11.4,Poland
A,POP,PC,PT,2010,44.0,Portugal
A,POP,PC,PT,2011,40.8,Portugal
A,POP,PC,PT,2012,39.5,Portugal
A,POP,PC,PT,2013,45.7,Portugal
A,POP,PC,PT,2014,43.1,Portugal
A,POP,PC,PT,2015,39.9,Portugal
A,POP,PC,PT,2016,36.4,Portugal
A,POP,PC,PT,2017,33.7,Portugal
A,POP,PC,PT,2018,29.2,Portugal
A,POP,PC,PT,2019,25.8,Portugal
A,POP,PC,PT,2020,20.5,Portugal
A,POP,PC,PT,2021,21.2,Portugal
A,POP,PC,PT,2022,23.3,Portugal
A,POP,PC,PT,2023,22.9,Portugal
A,POP,PC,PT,2024,21.5,Portugal
A,POP,PC,PT,2025,20.2,Portugal
A,POP,PC,RO,2010,47.4,Romania
A,POP,PC,RO,2011,47.5,Romania
A,POP,PC,RO,2012,48.2,Romania
A,POP,PC,RO,2013,49.6,Romania
A,POP,PC,RO,2014,47.1,Romania
A,POP,PC,RO,2015,44.3,Romania
A,POP,PC,RO,2016,42.4,Romania
A,POP,PC,RO,2017,36.7,Romania
A,POP,PC,RO,2018,35.3,Romania
A,POP,PC,RO,2019,31.5,Romania
A,POP,PC,RO,2020,34.8,Romania
A,POP,PC,RO,2021,28.2,Romania
A,POP,PC,RO,2022,25.0,Romania
A,POP,PC,RO,2023,27.3,Romania
A,POP,PC,RO,2024,23.3,Romania
A,POP,PC,RO,2025,22.6,Romania
A,POP,PC,SE,2010,7.6,Sweden
A,POP,PC,SE,2011,8.4,Sweden
A,POP,PC,SE,2012,7.5,Sweden
A,POP,PC,SE,2013,6.9,Sweden
A,POP,PC,SE,2014,6.8,Sweden
A,POP,PC,SE,2015,6.4,Sweden
A,POP,PC,SE,2016,6.8,Sweden
A,POP,PC,SE,2017,6.6,Sweden
A,POP,PC,SE,2018,7.2,Sweden
A,POP,PC,SE,2019,6.5,Sweden
A,POP,PC,SE,2020,6.5,Sweden
A,POP,PC,SE,2021,6.6,Sweden
A,POP,PC,SE,2022,6.3,Sweden
A,POP,PC,SE,2023,8.2,Sweden
A,POP,PC,SE,2024,8.6,Sweden
A,POP,PC,SE,2025,8.9,Sweden
A,POP,PC,SI,2010,28.9,Slovenia
A,POP,PC,SI,2011,29.8,Slovenia
A,POP,PC,SI,2012,28.5,Slovenia
A,POP,PC,SI,2013,33.0,Slovenia
A,POP,PC,SI,2014,30.9,Slovenia
A,POP,PC,SI,2015,28.8,Slovenia
A,POP,PC,SI,2016,26.2,Slovenia
A,POP,PC,SI,2017,23.1,Slovenia
A,POP,PC,SI,2018,20.8,Slovenia
A,POP,PC,SI,2019,17.8,Slovenia
A,POP,PC,SI,2020,17.4,Slovenia
A,POP,PC,SI,2021,11.8,Slovenia
A,POP,PC,SI,2022,14.3,Slovenia
A,POP,PC,SI,2023,14.6,Slovenia
A,POP,PC,SI,2024,13.6,Slovenia
A,POP,PC,SI,2025,15.2,Slovenia
A,POP,PC,SK,2010,31.4,Slovakia
A,POP,PC,SK,2011,29.8,Slovakia
A,POP,PC,SK,2012,32.9,Slovakia
A,POP,PC,SK,2013,36.2,Slovakia
A,POP,PC,SK,2014,33.5,Slovakia
A,POP,PC,SK,2015,32.5,Slovakia
A,POP,PC,SK,2016,29.1,Slovakia
A,POP,PC,SK,2017,25.9,Slovakia
A,POP,PC,SK,2018,24.9,Slovakia
A,POP,PC,SK,2019,28.1,Slovakia
A,POP,PC,SK,2020,28.4,Slovakia
A,POP,PC,SK,2021,26.0,Slovakia
A,POP,PC,SK,2022,27.0,Slovakia
A,POP,PC,SK,2023,29.3,Slovakia
A,POP,PC,SK,2024,29.0,Slovakia
A,POP,PC,SK,2025,22.9,Slovakia
A,SAL,PC,AT,2010,10.7,Austria
A,SAL,PC,AT,2011,11.2,Austria
A,SAL,PC,AT,2012,10.4,Austria
A,SAL,PC,AT,2013,10.3,Austria
A,SAL,PC,AT,2014,11.7,Austria
A,SAL,PC,AT,2015,11.0,Austria
A,SAL,PC,AT,2016,8.6,Austria
A,SAL,PC,AT,2017,7.6,Austria
A,SAL,PC,AT,2018,8.3,Austria
A,SAL,PC,AT,2019,7.3,Austria
A,SAL,PC,AT,2020,6.5,Austria
A,SAL,PC,AT,2021,6.8,Austria
A,SAL,PC,AT,2022,8.4,Austria
A,SAL,PC,AT,2023,10.3,Austria
A,SAL,PC,AT,2024,10.1,Austria
A,SAL,PC,AT,2025,8.6,Austria
A,SAL,PC,BE,2010,12.9,Belgium
A,SAL,PC,BE,2011,13.5,Belgium
A,SAL,PC,BE,2012,14.8,Belgium
A,SAL,PC,BE,2013,13.2,Belgium
A,SAL,PC,BE,2014,11.8,Belgium
A,SAL,PC,BE,2015,12.5,Belgium
A,SAL,PC,BE,2016,12.9,Belgium
A,SAL,PC,BE,2017,12.6,Belgium
A,SAL,PC,BE,2018,10.7,Belgium
A,SAL,PC,BE,2019,11.3,Belgium
A,SAL,PC,BE,2020,9.3,Belgium
A,SAL,PC,BE,2021,8.8,Belgium
A,SAL,PC,BE,2022,9.1,Belgium
A,SAL,PC,BE,2023,9.4,Belgium
A,SAL,PC,BE,2024,10.2,Belgium
A,SAL,PC,BE,2025,9.1,Belgium
A,SAL,PC,BG,2010,58.3,Bulgaria
A,SAL,PC,BG,2011,53.7,Bulgaria
A,SAL,PC,BG,2012,57.4,Bulgaria
A,SAL,PC,BG,2013,55.9,Bulgaria
A,SAL,PC,BG,2014,53.8,Bulgaria
A,SAL,PC,BG,2015,54.1,Bulgaria
A,SAL,PC,BG,2016,52.0,Bulgaria
A,SAL,PC,BG,2017,49.4,Bulgaria
A,SAL,PC,BG,2018,46.9,Bulgaria
A,SAL,PC,BG,2019,39.7,Bulgaria
A,SAL,PC,BG,2020,32.6,Bulgaria
A,SAL,PC,BG,2021,27.0,Bulgaria
A,SAL,PC,BG,2022,29.9,Bulgaria
A,SAL,PC,BG,2023,24.0,Bulgaria
A,SAL,PC,BG,2024,28.5,Bulgaria
A,SAL,PC,BG,2025,27.9,Bulgaria
A,SAL,PC,CY,2010,47.9,Cyprus
A,SAL,PC,CY,2011,48.7,Cyprus
A,SAL,PC,CY,2012,44.3,Cyprus
A,SAL,PC,CY,2013,52.5,Cyprus
A,SAL,PC,CY,2014,52.9,Cyprus
A,SAL,PC,CY,2015,51.1,Cyprus
A,SAL,PC,CY,2016,53.5,Cyprus
A,SAL,PC,CY,2017,34.3,Cyprus
A,SAL,PC,CY,2018,38.7,Cyprus
A,SAL,PC,CY,2019,29.4,Cyprus
A,SAL,PC,CY,2020,20.0,Cyprus
A,SAL,PC,CY,2021,19.9,Cyprus
A,SAL,PC,CY,2022,24.0,Cyprus
A,SAL,PC,CY,2023,18.8,Cyprus
A,SAL,PC,CY,2024,16.9,Cyprus
A,SAL,PC,CY,2025,13.6,Cyprus
A,SAL,PC,CZ,2010,22.5,Czechia
A,SAL,PC,CZ,2011,23.9,Czechia
A,SAL,PC,CZ,2012,26.4,Czechia
A,SAL,PC,CZ,2013,27.4,Czechia
A,SAL,PC,CZ,2014,26.0,Czechia
A,SAL,PC,CZ,2015,21.4,Czechia
A,SAL,PC,CZ,2016,18.0,Czechia
A,SAL,PC,CZ,2017,17.7,Czechia
A,SAL,PC,CZ,2018,12.3,Czechia
A,SAL,PC,CZ,2019,9.7,Czechia
A,SAL,PC,CZ,2020,9.4,Czechia
A,SAL,PC,CZ,2021,8.5,Czechia
A,SAL,PC,CZ,2022,9.3,Czechia
A,SAL,PC,CZ,2023,9.7,Czechia
A,SAL,PC,CZ,2024,10.6,Czechia
A,SAL,PC,CZ,2025,10.0,Czechia
A,SAL,PC,DE,2010,5.5,Germany
A,SAL,PC,DE,2011,6.1,Germany
A,SAL,PC,DE,2012,6.2,Germany
A,SAL,PC,DE,2013,6.0,Germany
A,SAL,PC,DE,2014,5.5,Germany
A,SAL,PC,DE,2015,4.9,Germany
A,SAL,PC,DE,2016,4.1,Germany
A,SAL,PC,DE,2017,3.7,Germany
A,SAL,PC,DE,2018,3.5,Germany
A,SAL,PC,DE,2019,3.2,Germany
A,SAL,PC,DE,2020,3.8,Germany
A,SAL,PC,DE,2021,4.8,Germany
A,SAL,PC,DE,2022,6.1,Germany
A,SAL,PC,DE,2023,7.1,Germany
A,SAL,PC,DE,2024,5.4,Germany
A,SAL,PC,DE,2025,5.7,Germany
A,SAL,PC,DK,2010,5.1,Denmark
A,SAL,PC,DK,2011,6.5,Denmark
A,SAL,PC,DK,2012,6.9,Denmark
A,SAL,PC,DK,2013,8.0,Denmark
A,SAL,PC,DK,2014,8.1,Denmark
A,SAL,PC,DK,2015,7.2,Denmark
A,SAL,PC,DK,2016,6.4,Denmark
A,SAL,PC,DK,2017,5.7,Denmark
A,SAL,PC,DK,2018,5.8,Denmark
A,SAL,PC,DK,2019,5.3,Denmark
A,SAL,PC,DK,2020,5.6,Denmark
A,SAL,PC,DK,2021,5.5,Denmark
A,SAL,PC,DK,2022,7.2,Denmark
A,SAL,PC,DK,2023,10.1,Denmark
A,SAL,PC,DK,2024,8.9,Denmark
A,SAL,PC,DK,2025,8.2,Denmark
A,SAL,PC,EE,2010,18.3,Estonia
A,SAL,PC,EE,2011,16.2,Estonia
A,SAL,PC,EE,2012,17.0,Estonia
A,SAL,PC,EE,2013,15.6,Estonia
A,SAL,PC,EE,2014,13.1,Estonia
A,SAL,PC,EE,2015,10.2,Estonia
A,SAL,PC,EE,2016,10.8,Estonia
A,SAL,PC,EE,2017,9.5,Estonia
A,SAL,PC,EE,2018,9.1,Estonia
A,SAL,PC,EE,2019,7.0,Estonia
A,SAL,PC,EE,2020,6.4,Estonia
A,SAL,PC,EE,2021,5.3,Estonia
A,SAL,PC,EE,2022,5.6,Estonia
A,SAL,PC,EE,2023,7.6,Estonia
A,SAL,PC,EE,2024,6.6,Estonia
A,SAL,PC,EE,2025,9.1,Estonia
A,SAL,PC,EL,2010,50.6,Greece
A,SAL,PC,EL,2011,58.5,Greece
A,SAL,PC,EL,2012,70.3,Greece
A,SAL,PC,EL,2013,71.9,Greece
A,SAL,PC,EL,2014,69.8,Greece
A,SAL,PC,EL,2015,69.8,Greece
A,SAL,PC,EL,2016,68.9,Greece
A,SAL,PC,EL,2017,71.2,Greece
A,SAL,PC,EL,2018,67.3,Greece
A,SAL,PC,EL,2019,63.3,Greece
A,SAL,PC,EL,2020,62.5,Greece
A,SAL,PC,EL,2021,61.7,Greece
A,SAL,PC,EL,2022,60.3,Greece
A,SAL,PC,EL,2023,58.8,Greece
A,SAL,PC,EL,2024,57.1,Greece
A,SAL,PC,EL,2025,59.5,Greece
A,SAL,PC,ES,2010,27.6,Spain
A,SAL,PC,ES,2011,23.5,Spain
A,SAL,PC,ES,2012,27.4,Spain
A,SAL,PC,ES,2013,30.2,Spain
A,SAL,PC,ES,2014,29.2,Spain
A,SAL,PC,ES,2015,26.8,Spain
A,SAL,PC,ES,2016,27.7,Spain
A,SAL,PC,ES,2017,18.5,Spain
A,SAL,PC,ES,2018,21.2,Spain
A,SAL,PC,ES,2019,16.7,Spain
A,SAL,PC,ES,2020,18.7,Spain
A,SAL,PC,ES,2021,16.9,Spain
A,SAL,PC,ES,2022,18.4,Spain
A,SAL,PC,ES,2023,20.0,Spain
A,SAL,PC,ES,2024,20.0,Spain
A,SAL,PC,ES,2025,19.0,Spain
A,SAL,PC,EU27_2020,2010,21.3,European Union - 27 countries (from 2020)
A,SAL,PC,EU27_2020,2011,20.8,European Union - 27 countries (from 2020)
A,SAL,PC,EU27_2020,2012,21.8,European Union - 27 countries (from 2020)
A,SAL,PC,EU27_2020,2013,22.4,European Union - 27 countries (from 2020)
A,SAL,PC,EU27_2020,2014,21.1,European Union - 27 countries (from 2020)
A,SAL,PC,EU27_2020,2015,19.8,European Union - 27 countries (from 2020)
A,SAL,PC,EU27_2020,2016,18.2,European Union - 27 countries (from 2020)
A,SAL,PC,EU27_2020,2017,15.9,European Union - 27 countries (from 2020)
A,SAL,PC,EU27_2020,2018,15.5,European Union - 27 countries (from 2020)
A,SAL,PC,EU27_2020,2019,13.2,European Union - 27 countries (from 2020)
A,SAL,PC,EU27_2020,2020,14.7,European Union - 27 countries (from 2020)
A,SAL,PC,EU27_2020,2021,13.2,European Union - 27 countries (from 2020)
A,SAL,PC,EU27_2020,2022,14.1,European Union - 27 countries (from 2020)
A,SAL,PC,EU27_2020,2023,14.9,European Union - 27 countries (from 2020)
A,SAL,PC,EU27_2020,2024,13.4,European Union - 27 countries (from 2020)
A,SAL,PC,EU27_2020,2025,13.6,European Union - 27 countries (from 2020)
A,SAL,PC,FI,2010,3.6,Finland
A,SAL,PC,FI,2011,3.8,Finland
A,SAL,PC,FI,2012,3.8,Finland
A,SAL,PC,FI,2013,4.3,Finland
A,SAL,PC,FI,2014,4.8,Finland
A,SAL,PC,FI,2015,4.3,Finland
A,SAL,PC,FI,2016,4.0,Finland
A,SAL,PC,FI,2017,3.9,Finland
A,SAL,PC,FI,2018,3.4,Finland
A,SAL,PC,FI,2019,3.8,Finland
A,SAL,PC,FI,2020,4.1,Finland
A,SAL,PC,FI,2021,3.1,Finland
A,SAL,PC,FI,2022,3.7,Finland
A,SAL,PC,FI,2023,5.7,Finland
A,SAL,PC,FI,2024,6.3,Finland
A,SAL,PC,FI,2025,6.1,Finland
A,SAL,PC,FR,2010,16.7,France
A,SAL,PC,FR,2011,16.0,France
A,SAL,PC,FR,2012,16.5,France
A,SAL,PC,FR,2013,18.1,France
A,SAL,PC,FR,2014,17.4,France
A,SAL,PC,FR,2015,16.4,France
A,SAL,PC,FR,2016,15.8,France
A,SAL,PC,FR,2017,15.0,France
A,SAL,PC,FR,2018,14.7,France
A,SAL,PC,FR,2019,13.9,France
A,SAL,PC,FR,2020,14.8,France
A,SAL,PC,FR,2021,13.2,France
A,SAL,PC,FR,2022,17.7,France
A,SAL,PC,FR,2023,18.8,France
A,SAL,PC,FR,2024,18.3,France
A,SAL,PC,FR,2025,18.9,France
A,SAL,PC,HR,2010,46.4,Croatia
A,SAL,PC,HR,2011,43.2,Croatia
A,SAL,PC,HR,2012,45.7,Croatia
A,SAL,PC,HR,2013,52.2,Croatia
A,SAL,PC,HR,2014,51.7,Croatia
A,SAL,PC,HR,2015,44.5,Croatia
A,SAL,PC,HR,2016,41.1,Croatia
A,SAL,PC,HR,2017,34.8,Croatia
A,SAL,PC,HR,2018,33.4,Croatia
A,SAL,PC,HR,2019,26.6,Croatia
A,SAL,PC,HR,2020,25.4,Croatia
A,SAL,PC,HR,2021,18.4,Croatia
A,SAL,PC,HR,2022,17.6,Croatia
A,SAL,PC,HR,2023,14.3,Croatia
A,SAL,PC,HR,2024,13.0,Croatia
A,SAL,PC,HR,2025,12.8,Croatia
A,SAL,PC,HU,2010,52.4,Hungary
A,SAL,PC,HU,2011,52.1,Hungary
A,SAL,PC,HU,2012,52.9,Hungary
A,SAL,PC,HU,2013,50.0,Hungary
A,SAL,PC,HU,2014,43.9,Hungary
A,SAL,PC,HU,2015,40.9,Hungary
A,SAL,PC,HU,2016,38.3,Hungary
A,SAL,PC,HU,2017,37.2,Hungary
A,SAL,PC,HU,2018,31.7,Hungary
A,SAL,PC,HU,2019,23.4,Hungary
A,SAL,PC,HU,2020,22.9,Hungary
A,SAL,PC,HU,2021,22.0,Hungary
A,SAL,PC,HU,2022,17.3,Hungary
A,SAL,PC,HU,2023,18.1,Hungary
A,SAL,PC,HU,2024,15.2,Hungary
A,SAL,PC,HU,2025,15.7,Hungary
A,SAL,PC,IE,2010,22.4,Ireland
A,SAL,PC,IE,2011,21.9,Ireland
A,SAL,PC,IE,2012,24.8,Ireland
A,SAL,PC,IE,2013,27.5,Ireland
A,SAL,PC,IE,2014,27.9,Ireland
A,SAL,PC,IE,2015,24.1,Ireland
A,SAL,PC,IE,2016,19.4,Ireland
A,SAL,PC,IE,2017,17.8,Ireland
A,SAL,PC,IE,2018,15.4,Ireland
A,SAL,PC,IE,2019,12.4,Ireland
A,SAL,PC,IE,2020,12.3,Ireland
A,SAL,PC,IE,2021,9.8,Ireland
A,SAL,PC,IE,2022,12.9,Ireland
A,SAL,PC,IE,2023,12.7,Ireland
A,SAL,PC,IE,2024,12.8,Ireland
A,SAL,PC,IE,2025,11.2,Ireland
A,SAL,PC,IT,2010,32.4,Italy
A,SAL,PC,IT,2011,33.1,Italy
A,SAL,PC,IT,2012,35.1,Italy
A,SAL,PC,IT,2013,35.3,Italy
A,SAL,PC,IT,2014,33.4,Italy
A,SAL,PC,IT,2015,31.5,Italy
A,SAL,PC,IT,2016,26.9,Italy
A,SAL,PC,IT,2017,22.7,Italy
A,SAL,PC,IT,2018,25.4,Italy
A,SAL,PC,IT,2019,18.4,Italy
A,SAL,PC,IT,2020,19.6,Italy
A,SAL,PC,IT,2021,19.7,Italy
A,SAL,PC,IT,2022,18.4,Italy
A,SAL,PC,IT,2023,15.5,Italy
A,SAL,PC,IT,2024,15.2,Italy
A,SAL,PC,IT,2025,18.6,Italy
A,SAL,PC,LT,2010,28.1,Lithuania
A,SAL,PC,LT,2011,24.5,Lithuania
A,SAL,PC,LT,2012,25.0,Lithuania
A,SAL,PC,LT,2013,22.1,Lithuania
A,SAL,PC,LT,2014,20.6,Lithuania
A,SAL,PC,LT,2015,19.8,Lithuania
A,SAL,PC,LT,2016,19.2,Lithuania
A,SAL,PC,LT,2017,17.7,Lithuania
A,SAL,PC,LT,2018,14.6,Lithuania
A,SAL,PC,LT,2019,12.1,Lithuania
A,SAL,PC,LT,2020,8.6,Lithuania
A,SAL,PC,LT,2021,5.9,Lithuania
A,SAL,PC,LT,2022,6.5,Lithuania
A,SAL,PC,LT,2023,7.2,Lithuania
A,SAL,PC,LT,2024,5.1,Lithuania
A,SAL,PC,LT,2025,5.4,Lithuania
A,SAL,PC,LU,2010,7.0,Luxembourg
A,SAL,PC,LU,2011,8.0,Luxembourg
A,SAL,PC,LU,2012,8.4,Luxembourg
A,SAL,PC,LU,2013,11.6,Luxembourg
A,SAL,PC,LU,2014,10.0,Luxembourg
A,SAL,PC,LU,2015,10.8,Luxembourg
A,SAL,PC,LU,2016,10.5,Luxembourg
A,SAL,PC,LU,2017,11.7,Luxembourg
A,SAL,PC,LU,2018,10.5,Luxembourg
A,SAL,PC,LU,2019,8.9,Luxembourg
A,SAL,PC,LU,2020,10.7,Luxembourg
A,SAL,PC,LU,2021,8.3,Luxembourg
A,SAL,PC,LU,2022,5.1,Luxembourg
A,SAL,PC,LU,2023,6.2,Luxembourg
A,SAL,PC,LU,2024,8.0,Luxembourg
A,SAL,PC,LU,2025,5.6,Luxembourg
A,SAL,PC,LV,2010,47.1,Latvia
A,SAL,PC,LV,2011,47.4,Latvia
A,SAL,PC,LV,2012,42.7,Latvia
A,SAL,PC,LV,2013,45.2,Latvia
A,SAL,PC,LV,2014,39.7,Latvia
A,SAL,PC,LV,2015,33.5,Latvia
A,SAL,PC,LV,2016,30.2,Latvia
A,SAL,PC,LV,2017,30.9,Latvia
A,SAL,PC,LV,2018,22.6,Latvia
A,SAL,PC,LV,2019,17.0,Latvia
A,SAL,PC,LV,2020,17.5,Latvia
A,SAL,PC,LV,2021,14.3,Latvia
A,SAL,PC,LV,2022,16.7,Latvia
A,SAL,PC,LV,2023,16.5,Latvia
A,SAL,PC,LV,2024,16.1,Latvia
A,SAL,PC,LV,2025,14.3,Latvia
A,SAL,PC,MT,2010,41.4,Malta
A,SAL,PC,MT,2011,33.3,Malta
A,SAL,PC,MT,2012,36.8,Malta
A,SAL,PC,MT,2013,30.2,Malta
A,SAL,PC,MT,2014,27.5,Malta
A,SAL,PC,MT,2015,16.0,Malta
A,SAL,PC,MT,2016,15.4,Malta
A,SAL,PC,MT,2017,13.0,Malta
A,SAL,PC,MT,2018,10.5,Malta
A,SAL,PC,MT,2019,10.1,Malta
A,SAL,PC,MT,2020,13.2,Malta
A,SAL,PC,MT,2021,12.3,Malta
A,SAL,PC,MT,2022,19.3,Malta
A,SAL,PC,MT,2023,14.9,Malta
A,SAL,PC,MT,2024,14.9,Malta
A,SAL,PC,MT,2025,12.7,Malta
A,SAL,PC,NL,2010,8.8,Netherlands
A,SAL,PC,NL,2011,9.0,Netherlands
A,SAL,PC,NL,2012,9.0,Netherlands
A,SAL,PC,NL,2013,10.5,Netherlands
A,SAL,PC,NL,2014,9.9,Netherlands
A,SAL,PC,NL,2015,8.4,Netherlands
A,SAL,PC,NL,2016,7.8,Netherlands
A,SAL,PC,NL,2017,6.5,Netherlands
A,SAL,PC,NL,2018,5.9,Netherlands
A,SAL,PC,NL,2019,5.7,Netherlands
A,SAL,PC,NL,2020,4.3,Netherlands
A,SAL,PC,NL,2021,3.2,Netherlands
A,SAL,PC,NL,2022,3.7,Netherlands
A,SAL,PC,NL,2023,5.0,Netherlands
A,SAL,PC,NL,2024,4.9,Netherlands
A,SAL,PC,NL,2025,4.0,Netherlands
A,SAL,PC,PL,2010,26.7,Poland
A,SAL,PC,PL,2011,25.6,Poland
A,SAL,PC,PL,2012,27.0,Poland
A,SAL,PC,PL,2013,26.1,Poland
A,SAL,PC,PL,2014,23.0,Poland
A,SAL,PC,PL,2015,23.4,Poland
A,SAL,PC,PL,2016,19.0,Poland
A,SAL,PC,PL,2017,17.1,Poland
A,SAL,PC,PL,2018,13.5,Poland
A,SAL,PC,PL,2019,11.3,Poland
A,SAL,PC,PL,2020,12.0,Poland
A,SAL,PC,PL,2021,10.4,Poland
A,SAL,PC,PL,2022,11.4,Poland
A,SAL,PC,PL,2023,11.7,Poland
A,SAL,PC,PL,2024,8.3,Poland
A,SAL,PC,PL,2025,7.3,Poland
A,SAL,PC,PT,2010,38.8,Portugal
A,SAL,PC,PT,2011,35.9,Portugal
A,SAL,PC,PT,2012,35.1,Portugal
A,SAL,PC,PT,2013,40.3,Portugal
A,SAL,PC,PT,2014,36.7,Portugal
A,SAL,PC,PT,2015,33.5,Portugal
A,SAL,PC,PT,2016,31.4,Portugal
A,SAL,PC,PT,2017,28.3,Portugal
A,SAL,PC,PT,2018,24.0,Portugal
A,SAL,PC,PT,2019,21.6,Portugal
A,SAL,PC,PT,2020,17.1,Portugal
A,SAL,PC,PT,2021,16.7,Portugal
A,SAL,PC,PT,2022,20.0,Portugal
A,SAL,PC,PT,2023,20.0,Portugal
A,SAL,PC,PT,2024,18.8,Portugal
A,SAL,PC,PT,2025,16.9,Portugal
A,SAL,PC,RO,2010,38.3,Romania
A,SAL,PC,RO,2011,37.8,Romania
A,SAL,PC,RO,2012,38.9,Romania
A,SAL,PC,RO,2013,39.7,Romania
A,SAL,PC,RO,2014,36.5,Romania
A,SAL,PC,RO,2015,33.1,Romania
A,SAL,PC,RO,2016,32.0,Romania
A,SAL,PC,RO,2017,25.5,Romania
A,SAL,PC,RO,2018,25.2,Romania
A,SAL,PC,RO,2019,22.1,Romania
A,SAL,PC,RO,2020,24.6,Romania
A,SAL,PC,RO,2021,18.1,Romania
A,SAL,PC,RO,2022,15.0,Romania
A,SAL,PC,RO,2023,18.3,Romania
A,SAL,PC,RO,2024,15.4,Romania
A,SAL,PC,RO,2025,15.2,Romania
A,SAL,PC,SE,2010,5.3,Sweden
A,SAL,PC,SE,2011,5.1,Sweden
A,SAL,PC,SE,2012,4.9,Sweden
A,SAL,PC,SE,2013,4.5,Sweden
A,SAL,PC,SE,2014,4.3,Sweden
A,SAL,PC,SE,2015,3.8,Sweden
A,SAL,PC,SE,2016,4.2,Sweden
A,SAL,PC,SE,2017,4.3,Sweden
A,SAL,PC,SE,2018,4.7,Sweden
A,SAL,PC,SE,2019,5.0,Sweden
A,SAL,PC,SE,2020,5.0,Sweden
A,SAL,PC,SE,2021,4.5,Sweden
A,SAL,PC,SE,2022,4.5,Sweden
A,SAL,PC,SE,2023,7.3,Sweden
A,SAL,PC,SE,2024,7.8,Sweden
A,SAL,PC,SE,2025,7.3,Sweden
A,SAL,PC,SI,2010,25.6,Slovenia
A,SAL,PC,SI,2011,26.0,Slovenia
A,SAL,PC,SI,2012,24.8,Slovenia
A,SAL,PC,SI,2013,29.9,Slovenia
A,SAL,PC,SI,2014,25.7,Slovenia
A,SAL,PC,SI,2015,24.4,Slovenia
A,SAL,PC,SI,2016,21.0,Slovenia
A,SAL,PC,SI,2017,18.1,Slovenia
A,SAL,PC,SI,2018,16.1,Slovenia
A,SAL,PC,SI,2019,13.2,Slovenia
A,SAL,PC,SI,2020,12.4,Slovenia
A,SAL,PC,SI,2021,8.2,Slovenia
A,SAL,PC,SI,2022,11.2,Slovenia
A,SAL,PC,SI,2023,10.9,Slovenia
A,SAL,PC,SI,2024,10.3,Slovenia
A,SAL,PC,SI,2025,11.5,Slovenia
A,SAL,PC,SK,2010,24.7,Slovakia
A,SAL,PC,SK,2011,23.4,Slovakia
A,SAL,PC,SK,2012,26.8,Slovakia
A,SAL,PC,SK,2013,30.6,Slovakia
A,SAL,PC,SK,2014,27.0,Slovakia
A,SAL,PC,SK,2015,26.7,Slovakia
A,SAL,PC,SK,2016,23.7,Slovakia
A,SAL,PC,SK,2017,20.7,Slovakia
A,SAL,PC,SK,2018,19.9,Slovakia
A,SAL,PC,SK,2019,22.6,Slovakia
A,SAL,PC,SK,2020,23.8,Slovakia
A,SAL,PC,SK,2021,20.3,Slovakia
A,SAL,PC,SK,2022,22.5,Slovakia
A,SAL,PC,SK,2023,23.9,Slovakia
A,SAL,PC,SK,2024,23.5,Slovakia
A,SAL,PC,SK,2025,17.7,Slovakia
